,file,method,exec_time,iterations,error,N,num_threads,is_full_iter,version,with_o3flag
0,Poisson3D_Sequential/gaussseidel_N128_full_iteration.dat,gaussseidel,107.446721,10001,8e-06,128,1,True,Poisson3D_Sequential,True
1,Poisson3D_Sequential/jacobi_N48.dat,jacobi,1.065181,3403,1e-05,48,1,False,Poisson3D_Sequential,True
2,Poisson3D_Sequential/jacobi_N128_full_iteration.dat,jacobi,90.812546,10001,8e-05,128,1,True,Poisson3D_Sequential,True
3,Poisson3D_Sequential/jacobi_N128.dat,jacobi,92.886477,10001,8e-05,128,1,False,Poisson3D_Sequential,True
4,Poisson3D_Sequential/gaussseidel_N24_full_iteration.dat,gaussseidel,0.604391,10001,0.0,24,1,True,Poisson3D_Sequential,True
5,Poisson3D_Sequential/gaussseidel_N128.dat,gaussseidel,103.999296,9680,1e-05,128,1,False,Poisson3D_Sequential,True
6,Poisson3D_Sequential/gaussseidel_N48.dat,gaussseidel,0.99646,1876,1e-05,48,1,False,Poisson3D_Sequential,True
7,Poisson3D_Sequential/jacobi_N200.dat,jacobi,390.199497,10001,0.000193,200,1,False,Poisson3D_Sequential,True
8,Poisson3D_Sequential/jacobi_N48_full_iteration.dat,jacobi,3.091979,10001,0.0,48,1,True,Poisson3D_Sequential,True
9,Poisson3D_Sequential/jacobi_N24_full_iteration.dat,jacobi,0.384926,10001,0.0,24,1,True,Poisson3D_Sequential,True
10,Poisson3D_Sequential/gaussseidel_N64.dat,gaussseidel,3.930454,3053,1e-05,64,1,False,Poisson3D_Sequential,True
11,Poisson3D_Sequential/jacobi_N164.dat,jacobi,213.312223,10001,0.000155,164,1,False,Poisson3D_Sequential,True
12,Poisson3D_Sequential/jacobi_N64.dat,jacobi,3.957529,5499,1e-05,64,1,False,Poisson3D_Sequential,True
13,Poisson3D_Sequential/gaussseidel_N100.dat,gaussseidel,32.458419,6445,1e-05,100,1,False,Poisson3D_Sequential,True
14,Poisson3D_Sequential/jacobi_N100_full_iteration.dat,jacobi,27.342891,10001,2e-05,100,1,True,Poisson3D_Sequential,True
15,Poisson3D_Sequential/jacobi_N24.dat,jacobi,0.04041,1058,1e-05,24,1,False,Poisson3D_Sequential,True
16,Poisson3D_Sequential/jacobi_N64_full_iteration.dat,jacobi,7.267823,10001,0.0,64,1,True,Poisson3D_Sequential,True
17,Poisson3D_Sequential/gaussseidel_N48_full_iteration.dat,gaussseidel,5.312734,10001,0.0,48,1,True,Poisson3D_Sequential,True
18,Poisson3D_Sequential/gaussseidel_N164_full_iteration.dat,gaussseidel,228.026347,10001,5e-05,164,1,True,Poisson3D_Sequential,True
19,Poisson3D_Sequential/gaussseidel_N24.dat,gaussseidel,0.034957,576,1e-05,24,1,False,Poisson3D_Sequential,True
20,Poisson3D_Sequential/gaussseidel_N200.dat,gaussseidel,412.897751,10001,0.000111,200,1,False,Poisson3D_Sequential,True
21,Poisson3D_Sequential/gaussseidel_N164.dat,gaussseidel,228.011855,10001,5e-05,164,1,False,Poisson3D_Sequential,True
22,Poisson3D_Sequential/jacobi_N200_full_iteration.dat,jacobi,388.24663,10001,0.000193,200,1,True,Poisson3D_Sequential,True
23,Poisson3D_Sequential/gaussseidel_N100_full_iteration.dat,gaussseidel,50.350582,10001,0.0,100,1,True,Poisson3D_Sequential,True
24,Poisson3D_Sequential/gaussseidel_N200_full_iteration.dat,gaussseidel,412.886221,10001,0.000111,200,1,True,Poisson3D_Sequential,True
25,Poisson3D_Sequential/jacobi_N164_full_iteration.dat,jacobi,213.955558,10001,0.000155,164,1,True,Poisson3D_Sequential,True
26,Poisson3D_Sequential/jacobi_N100.dat,jacobi,27.184215,10001,2e-05,100,1,False,Poisson3D_Sequential,True
27,Poisson3D_Sequential/gaussseidel_N64_full_iteration.dat,gaussseidel,12.884686,10001,0.0,64,1,True,Poisson3D_Sequential,True
28,Poisson3D_OMP_V0.1.0/jacobi_24threads_N100.dat,jacobi,17.31763888,10001,2.003e-05,100,24,False,Poisson3D_OMP_V0.1.0,True
29,Poisson3D_OMP_V0.1.0/jacobi_1threads_N48_full_iteration_unoptimized.dat,jacobi,30.313136,10001,0.0,48,1,True,Poisson3D_OMP_V0.1.0,False
30,Poisson3D_OMP_V0.1.0/jacobi_2threads_N48_full_iteration.dat,jacobi,2.1871763,10001,0.0,48,2,True,Poisson3D_OMP_V0.1.0,True
31,Poisson3D_OMP_V0.1.0/jacobi_8threads_N24.dat,jacobi,0.03155327,1058,9.96e-06,24,8,False,Poisson3D_OMP_V0.1.0,True
32,Poisson3D_OMP_V0.1.0/jacobi_1threads_N128.dat,jacobi,83.59871744,10001,7.969e-05,128,1,False,Poisson3D_OMP_V0.1.0,True
33,Poisson3D_OMP_V0.1.0/jacobi_4threads_N200_full_iteration.dat,jacobi,195.2351102,10001,0.00019322,200,4,True,Poisson3D_OMP_V0.1.0,True
34,Poisson3D_OMP_V0.1.0/jacobi_12threads_N48.dat,jacobi,0.52756832,3403,9.98e-06,48,12,False,Poisson3D_OMP_V0.1.0,True
35,Poisson3D_OMP_V0.1.0/jacobi_12threads_N24_full_iteration_unoptimized.dat,jacobi,0.65967189,10001,0.0,24,12,True,Poisson3D_OMP_V0.1.0,False
36,Poisson3D_OMP_V0.1.0/jacobi_8threads_N48.dat,jacobi,0.50705088,3403,9.98e-06,48,8,False,Poisson3D_OMP_V0.1.0,True
37,Poisson3D_OMP_V0.1.0/jacobi_4threads_N64_full_iteration.dat,jacobi,3.74824941,10001,5e-08,64,4,True,Poisson3D_OMP_V0.1.0,True
38,Poisson3D_OMP_V0.1.0/jacobi_24threads_N24_unoptimized.dat,jacobi,0.06093682,1058,9.96e-06,24,24,False,Poisson3D_OMP_V0.1.0,False
39,Poisson3D_OMP_V0.1.0/jacobi_24threads_N128.dat,jacobi,36.15182544,10001,7.969e-05,128,24,False,Poisson3D_OMP_V0.1.0,True
40,Poisson3D_OMP_V0.1.0/jacobi_1threads_N64.dat,jacobi,4.12754924,5499,9.99e-06,64,1,False,Poisson3D_OMP_V0.1.0,True
41,Poisson3D_OMP_V0.1.0/jacobi_24threads_N24_full_iteration_unoptimized.dat,jacobi,0.57744365,10001,0.0,24,24,True,Poisson3D_OMP_V0.1.0,False
42,Poisson3D_OMP_V0.1.0/jacobi_4threads_N100_full_iteration.dat,jacobi,13.53753016,10001,2.003e-05,100,4,True,Poisson3D_OMP_V0.1.0,True
43,Poisson3D_OMP_V0.1.0/jacobi_2threads_N164_unoptimized.dat,jacobi,646.77924826,10001,0.00015515,164,2,False,Poisson3D_OMP_V0.1.0,False
44,Poisson3D_OMP_V0.1.0/jacobi_4threads_N24_unoptimized.dat,jacobi,0.12340345,1058,9.96e-06,24,4,False,Poisson3D_OMP_V0.1.0,False
45,Poisson3D_OMP_V0.1.0/jacobi_12threads_N48_full_iteration.dat,jacobi,1.54195368,10001,0.0,48,12,True,Poisson3D_OMP_V0.1.0,True
46,Poisson3D_OMP_V0.1.0/jacobi_8threads_N64_full_iteration_unoptimized.dat,jacobi,12.8645855,10001,5e-08,64,8,True,Poisson3D_OMP_V0.1.0,False
47,Poisson3D_OMP_V0.1.0/jacobi_16threads_N164_full_iteration.dat,jacobi,94.3508902,10001,0.00015515,164,16,True,Poisson3D_OMP_V0.1.0,True
48,Poisson3D_OMP_V0.1.0/jacobi_8threads_N100_full_iteration.dat,jacobi,11.37725144,10001,2.003e-05,100,8,True,Poisson3D_OMP_V0.1.0,True
49,Poisson3D_OMP_V0.1.0/jacobi_16threads_N64_full_iteration.dat,jacobi,3.95942721,10001,5e-08,64,16,True,Poisson3D_OMP_V0.1.0,True
50,Poisson3D_OMP_V0.1.0/jacobi_16threads_N200.dat,jacobi,181.65431382,10001,0.00019322,200,16,False,Poisson3D_OMP_V0.1.0,True
51,Poisson3D_OMP_V0.1.0/jacobi_2threads_N164_full_iteration.dat,jacobi,135.15861054,10001,0.00015515,164,2,True,Poisson3D_OMP_V0.1.0,True
52,Poisson3D_OMP_V0.1.0/jacobi_24threads_N164_full_iteration_unoptimized.dat,jacobi,130.66445534,10001,0.00015515,164,24,True,Poisson3D_OMP_V0.1.0,False
53,Poisson3D_OMP_V0.1.0/jacobi_16threads_N164_full_iteration_unoptimized.dat,jacobi,155.52390692,10001,0.00015515,164,16,True,Poisson3D_OMP_V0.1.0,False
54,Poisson3D_OMP_V0.1.0/jacobi_8threads_N24_full_iteration.dat,jacobi,0.3103857,10001,0.0,24,8,True,Poisson3D_OMP_V0.1.0,True
55,Poisson3D_OMP_V0.1.0/jacobi_2threads_N200.dat,jacobi,247.43884347,10001,0.00019322,200,2,False,Poisson3D_OMP_V0.1.0,True
56,Poisson3D_OMP_V0.1.0/jacobi_12threads_N100_full_iteration_unoptimized.dat,jacobi,39.03920692,10001,2.003e-05,100,12,True,Poisson3D_OMP_V0.1.0,False
57,Poisson3D_OMP_V0.1.0/jacobi_24threads_N100_unoptimized.dat,jacobi,30.55178625,10001,2.003e-05,100,24,False,Poisson3D_OMP_V0.1.0,False
58,Poisson3D_OMP_V0.1.0/jacobi_8threads_N24_unoptimized.dat,jacobi,0.0780981,1058,9.96e-06,24,8,False,Poisson3D_OMP_V0.1.0,False
59,Poisson3D_OMP_V0.1.0/jacobi_8threads_N48_full_iteration.dat,jacobi,1.49302237,10001,0.0,48,8,True,Poisson3D_OMP_V0.1.0,True
60,Poisson3D_OMP_V0.1.0/jacobi_1threads_N164_unoptimized.dat,jacobi,1213.5681634,10001,0.00015515,164,1,False,Poisson3D_OMP_V0.1.0,False
61,Poisson3D_OMP_V0.1.0/jacobi_1threads_N24.dat,jacobi,0.04585187,1058,9.96e-06,24,1,False,Poisson3D_OMP_V0.1.0,True
62,Poisson3D_OMP_V0.1.0/jacobi_4threads_N64_full_iteration_unoptimized.dat,jacobi,21.21901134,10001,5e-08,64,4,True,Poisson3D_OMP_V0.1.0,False
63,Poisson3D_OMP_V0.1.0/jacobi_12threads_N164_unoptimized.dat,jacobi,176.77392616,10001,0.00015515,164,12,False,Poisson3D_OMP_V0.1.0,False
64,Poisson3D_OMP_V0.1.0/jacobi_1threads_N48_unoptimized.dat,jacobi,10.31290272,3403,9.98e-06,48,1,False,Poisson3D_OMP_V0.1.0,False
65,Poisson3D_OMP_V0.1.0/jacobi_1threads_N64_unoptimized.dat,jacobi,39.28857756,5499,9.99e-06,64,1,False,Poisson3D_OMP_V0.1.0,False
66,Poisson3D_OMP_V0.1.0/jacobi_4threads_N128.dat,jacobi,41.85312774,10001,7.969e-05,128,4,False,Poisson3D_OMP_V0.1.0,True
67,Poisson3D_OMP_V0.1.0/jacobi_16threads_N200_full_iteration.dat,jacobi,181.91686669,10001,0.00019322,200,16,True,Poisson3D_OMP_V0.1.0,True
68,Poisson3D_OMP_V0.1.0/jacobi_16threads_N24_full_iteration_unoptimized.dat,jacobi,0.65507409,10001,0.0,24,16,True,Poisson3D_OMP_V0.1.0,False
69,Poisson3D_OMP_V0.1.0/jacobi_12threads_N64_unoptimized.dat,jacobi,5.9485389,5499,9.99e-06,64,12,False,Poisson3D_OMP_V0.1.0,False
70,Poisson3D_OMP_V0.1.0/jacobi_24threads_N64.dat,jacobi,2.65218048,5499,9.99e-06,64,24,False,Poisson3D_OMP_V0.1.0,True
71,Poisson3D_OMP_V0.1.0/jacobi_8threads_N164_unoptimized.dat,jacobi,224.77111905,10001,0.00015515,164,8,False,Poisson3D_OMP_V0.1.0,False
72,Poisson3D_OMP_V0.1.0/jacobi_1threads_N164_full_iteration_unoptimized.dat,jacobi,1213.6457759,10001,0.00015515,164,1,True,Poisson3D_OMP_V0.1.0,False
73,Poisson3D_OMP_V0.1.0/jacobi_1threads_N24_full_iteration.dat,jacobi,0.45037522,10001,0.0,24,1,True,Poisson3D_OMP_V0.1.0,True
74,Poisson3D_OMP_V0.1.0/jacobi_1threads_N200_full_iteration.dat,jacobi,352.89307959,10001,0.00019322,200,1,True,Poisson3D_OMP_V0.1.0,True
75,Poisson3D_OMP_V0.1.0/jacobi_16threads_N64.dat,jacobi,2.15720648,5499,9.99e-06,64,16,False,Poisson3D_OMP_V0.1.0,True
76,Poisson3D_OMP_V0.1.0/jacobi_1threads_N128_full_iteration_unoptimized.dat,jacobi,575.80694249,10001,7.969e-05,128,1,True,Poisson3D_OMP_V0.1.0,False
77,Poisson3D_OMP_V0.1.0/jacobi_2threads_N100.dat,jacobi,18.15172833,10001,2.003e-05,100,2,False,Poisson3D_OMP_V0.1.0,True
78,Poisson3D_OMP_V0.1.0/jacobi_4threads_N164_full_iteration_unoptimized.dat,jacobi,362.84294464,10001,0.00015515,164,4,True,Poisson3D_OMP_V0.1.0,False
79,Poisson3D_OMP_V0.1.0/jacobi_2threads_N128.dat,jacobi,54.7930894,10001,7.969e-05,128,2,False,Poisson3D_OMP_V0.1.0,True
80,Poisson3D_OMP_V0.1.0/jacobi_12threads_N64_full_iteration.dat,jacobi,3.10498768,10001,5e-08,64,12,True,Poisson3D_OMP_V0.1.0,True
81,Poisson3D_OMP_V0.1.0/jacobi_4threads_N48_full_iteration.dat,jacobi,1.67787267,10001,0.0,48,4,True,Poisson3D_OMP_V0.1.0,True
82,Poisson3D_OMP_V0.1.0/jacobi_16threads_N100.dat,jacobi,13.72114637,10001,2.003e-05,100,16,False,Poisson3D_OMP_V0.1.0,True
83,Poisson3D_OMP_V0.1.0/jacobi_2threads_N164_full_iteration_unoptimized.dat,jacobi,646.43519938,10001,0.00015515,164,2,True,Poisson3D_OMP_V0.1.0,False
84,Poisson3D_OMP_V0.1.0/jacobi_8threads_N24_full_iteration_unoptimized.dat,jacobi,0.80328542,10001,0.0,24,8,True,Poisson3D_OMP_V0.1.0,False
85,Poisson3D_OMP_V0.1.0/jacobi_4threads_N24_full_iteration_unoptimized.dat,jacobi,1.23638702,10001,0.0,24,4,True,Poisson3D_OMP_V0.1.0,False
86,Poisson3D_OMP_V0.1.0/jacobi_4threads_N164_unoptimized.dat,jacobi,363.49415902,10001,0.00015515,164,4,False,Poisson3D_OMP_V0.1.0,False
87,Poisson3D_OMP_V0.1.0/jacobi_8threads_N200_full_iteration.dat,jacobi,177.22200755,10001,0.00019322,200,8,True,Poisson3D_OMP_V0.1.0,True
88,Poisson3D_OMP_V0.1.0/jacobi_16threads_N164.dat,jacobi,93.36471158,10001,0.00015515,164,16,False,Poisson3D_OMP_V0.1.0,True
89,Poisson3D_OMP_V0.1.0/jacobi_8threads_N64.dat,jacobi,1.73980199,5499,9.99e-06,64,8,False,Poisson3D_OMP_V0.1.0,True
90,Poisson3D_OMP_V0.1.0/jacobi_4threads_N100.dat,jacobi,13.5251686,10001,2.003e-05,100,4,False,Poisson3D_OMP_V0.1.0,True
91,Poisson3D_OMP_V0.1.0/jacobi_12threads_N100_unoptimized.dat,jacobi,39.00126137,10001,2.003e-05,100,12,False,Poisson3D_OMP_V0.1.0,False
92,Poisson3D_OMP_V0.1.0/jacobi_4threads_N164.dat,jacobi,105.48691851,10001,0.00015515,164,4,False,Poisson3D_OMP_V0.1.0,True
93,Poisson3D_OMP_V0.1.0/jacobi_24threads_N100_full_iteration_unoptimized.dat,jacobi,30.51517634,10001,2.003e-05,100,24,True,Poisson3D_OMP_V0.1.0,False
94,Poisson3D_OMP_V0.1.0/jacobi_4threads_N128_full_iteration.dat,jacobi,41.71149653,10001,7.969e-05,128,4,True,Poisson3D_OMP_V0.1.0,True
95,Poisson3D_OMP_V0.1.0/jacobi_8threads_N128.dat,jacobi,36.95255873,10001,7.969e-05,128,8,False,Poisson3D_OMP_V0.1.0,True
96,Poisson3D_OMP_V0.1.0/jacobi_12threads_N24_full_iteration.dat,jacobi,0.32212779,10001,0.0,24,12,True,Poisson3D_OMP_V0.1.0,True
97,Poisson3D_OMP_V0.1.0/jacobi_1threads_N200_full_iteration_unoptimized.dat,jacobi,2197.78757331,10001,0.00019322,200,1,True,Poisson3D_OMP_V0.1.0,False
98,Poisson3D_OMP_V0.1.0/jacobi_4threads_N64_unoptimized.dat,jacobi,11.67040792,5499,9.99e-06,64,4,False,Poisson3D_OMP_V0.1.0,False
99,Poisson3D_OMP_V0.1.0/jacobi_8threads_N100_full_iteration_unoptimized.dat,jacobi,49.16842513,10001,2.003e-05,100,8,True,Poisson3D_OMP_V0.1.0,False
100,Poisson3D_OMP_V0.1.0/jacobi_1threads_N100_unoptimized.dat,jacobi,271.0884941,10001,2.003e-05,100,1,False,Poisson3D_OMP_V0.1.0,False
101,Poisson3D_OMP_V0.1.0/jacobi_2threads_N64_full_iteration_unoptimized.dat,jacobi,37.95385444,10001,5e-08,64,2,True,Poisson3D_OMP_V0.1.0,False
102,Poisson3D_OMP_V0.1.0/jacobi_12threads_N100.dat,jacobi,10.99718792,10001,2.003e-05,100,12,False,Poisson3D_OMP_V0.1.0,True
103,Poisson3D_OMP_V0.1.0/jacobi_24threads_N164_unoptimized.dat,jacobi,130.06849142,10001,0.00015515,164,24,False,Poisson3D_OMP_V0.1.0,False
104,Poisson3D_OMP_V0.1.0/jacobi_8threads_N164.dat,jacobi,95.43533388,10001,0.00015515,164,8,False,Poisson3D_OMP_V0.1.0,True
105,Poisson3D_OMP_V0.1.0/jacobi_8threads_N164_full_iteration_unoptimized.dat,jacobi,224.63614028,10001,0.00015515,164,8,True,Poisson3D_OMP_V0.1.0,False
106,Poisson3D_OMP_V0.1.0/jacobi_16threads_N64_full_iteration_unoptimized.dat,jacobi,8.98563986,10001,5e-08,64,16,True,Poisson3D_OMP_V0.1.0,False
107,Poisson3D_OMP_V0.1.0/jacobi_2threads_N24.dat,jacobi,0.03187057,1058,9.96e-06,24,2,False,Poisson3D_OMP_V0.1.0,True
108,Poisson3D_OMP_V0.1.0/jacobi_2threads_N128_full_iteration.dat,jacobi,55.10516036,10001,7.969e-05,128,2,True,Poisson3D_OMP_V0.1.0,True
109,Poisson3D_OMP_V0.1.0/jacobi_24threads_N100_full_iteration.dat,jacobi,17.27901549,10001,2.003e-05,100,24,True,Poisson3D_OMP_V0.1.0,True
110,Poisson3D_OMP_V0.1.0/jacobi_24threads_N200_full_iteration.dat,jacobi,178.22569697,10001,0.00019322,200,24,True,Poisson3D_OMP_V0.1.0,True
111,Poisson3D_OMP_V0.1.0/jacobi_2threads_N24_full_iteration_unoptimized.dat,jacobi,2.11920383,10001,0.0,24,2,True,Poisson3D_OMP_V0.1.0,False
112,Poisson3D_OMP_V0.1.0/jacobi_8threads_N128_full_iteration.dat,jacobi,36.82954529,10001,7.969e-05,128,8,True,Poisson3D_OMP_V0.1.0,True
113,Poisson3D_OMP_V0.1.0/jacobi_1threads_N24_unoptimized.dat,jacobi,0.4011257,1058,9.96e-06,24,1,False,Poisson3D_OMP_V0.1.0,False
114,Poisson3D_OMP_V0.1.0/jacobi_24threads_N24.dat,jacobi,0.04656927,1058,9.96e-06,24,24,False,Poisson3D_OMP_V0.1.0,True
115,Poisson3D_OMP_V0.1.0/jacobi_12threads_N164_full_iteration_unoptimized.dat,jacobi,176.26682556,10001,0.00015515,164,12,True,Poisson3D_OMP_V0.1.0,False
116,Poisson3D_OMP_V0.1.0/jacobi_16threads_N128.dat,jacobi,33.2577461,10001,7.969e-05,128,16,False,Poisson3D_OMP_V0.1.0,True
117,Poisson3D_OMP_V0.1.0/jacobi_12threads_N64.dat,jacobi,1.72695936,5499,9.99e-06,64,12,False,Poisson3D_OMP_V0.1.0,True
118,Poisson3D_OMP_V0.1.0/jacobi_12threads_N64_full_iteration_unoptimized.dat,jacobi,10.81999936,10001,5e-08,64,12,True,Poisson3D_OMP_V0.1.0,False
119,Poisson3D_OMP_V0.1.0/jacobi_1threads_N64_full_iteration_unoptimized.dat,jacobi,71.45594138,10001,5e-08,64,1,True,Poisson3D_OMP_V0.1.0,False
120,Poisson3D_OMP_V0.1.0/jacobi_12threads_N164_full_iteration.dat,jacobi,94.55495122,10001,0.00015515,164,12,True,Poisson3D_OMP_V0.1.0,True
121,Poisson3D_OMP_V0.1.0/jacobi_1threads_N128_full_iteration.dat,jacobi,83.43199507,10001,7.969e-05,128,1,True,Poisson3D_OMP_V0.1.0,True
122,Poisson3D_OMP_V0.1.0/jacobi_24threads_N64_full_iteration_unoptimized.dat,jacobi,8.54150395,10001,5e-08,64,24,True,Poisson3D_OMP_V0.1.0,False
123,Poisson3D_OMP_V0.1.0/jacobi_1threads_N164_full_iteration.dat,jacobi,195.60114749,10001,0.00015515,164,1,True,Poisson3D_OMP_V0.1.0,True
124,Poisson3D_OMP_V0.1.0/jacobi_24threads_N128_full_iteration.dat,jacobi,36.5312912,10001,7.969e-05,128,24,True,Poisson3D_OMP_V0.1.0,True
125,Poisson3D_OMP_V0.1.0/jacobi_12threads_N24.dat,jacobi,0.0484409,1058,9.96e-06,24,12,False,Poisson3D_OMP_V0.1.0,True
126,Poisson3D_OMP_V0.1.0/jacobi_2threads_N100_full_iteration_unoptimized.dat,jacobi,143.51418358,10001,2.003e-05,100,2,True,Poisson3D_OMP_V0.1.0,False
127,Poisson3D_OMP_V0.1.0/jacobi_4threads_N64.dat,jacobi,2.03685779,5499,9.99e-06,64,4,False,Poisson3D_OMP_V0.1.0,True
128,Poisson3D_OMP_V0.1.0/jacobi_16threads_N100_full_iteration.dat,jacobi,13.74330614,10001,2.003e-05,100,16,True,Poisson3D_OMP_V0.1.0,True
129,Poisson3D_OMP_V0.1.0/jacobi_1threads_N200.dat,jacobi,353.84241618,10001,0.00019322,200,1,False,Poisson3D_OMP_V0.1.0,True
130,Poisson3D_OMP_V0.1.0/jacobi_8threads_N164_full_iteration.dat,jacobi,95.89446075,10001,0.00015515,164,8,True,Poisson3D_OMP_V0.1.0,True
131,Poisson3D_OMP_V0.1.0/jacobi_2threads_N200_full_iteration.dat,jacobi,247.49107348,10001,0.00019322,200,2,True,Poisson3D_OMP_V0.1.0,True
132,Poisson3D_OMP_V0.1.0/jacobi_16threads_N24_full_iteration.dat,jacobi,0.3922185,10001,0.0,24,16,True,Poisson3D_OMP_V0.1.0,True
133,Poisson3D_OMP_V0.1.0/jacobi_24threads_N164_full_iteration.dat,jacobi,104.24977322,10001,0.00015515,164,24,True,Poisson3D_OMP_V0.1.0,True
134,Poisson3D_OMP_V0.1.0/jacobi_4threads_N24.dat,jacobi,0.02992453,1058,9.96e-06,24,4,False,Poisson3D_OMP_V0.1.0,True
135,Poisson3D_OMP_V0.1.0/jacobi_2threads_N64.dat,jacobi,2.71690551,5499,9.99e-06,64,2,False,Poisson3D_OMP_V0.1.0,True
136,Poisson3D_OMP_V0.1.0/jacobi_24threads_N164.dat,jacobi,98.16615023,10001,0.00015515,164,24,False,Poisson3D_OMP_V0.1.0,True
137,Poisson3D_OMP_V0.1.0/jacobi_1threads_N48_full_iteration.dat,jacobi,3.24044681,10001,0.0,48,1,True,Poisson3D_OMP_V0.1.0,True
138,Poisson3D_OMP_V0.1.0/jacobi_16threads_N128_full_iteration.dat,jacobi,33.37648377,10001,7.969e-05,128,16,True,Poisson3D_OMP_V0.1.0,True
139,Poisson3D_OMP_V0.1.0/jacobi_2threads_N24_full_iteration.dat,jacobi,0.34350859,10001,0.0,24,2,True,Poisson3D_OMP_V0.1.0,True
140,Poisson3D_OMP_V0.1.0/jacobi_2threads_N64_unoptimized.dat,jacobi,20.86125436,5499,9.99e-06,64,2,False,Poisson3D_OMP_V0.1.0,False
141,Poisson3D_OMP_V0.1.0/jacobi_2threads_N24_unoptimized.dat,jacobi,0.21625075,1058,9.96e-06,24,2,False,Poisson3D_OMP_V0.1.0,False
142,Poisson3D_OMP_V0.1.0/jacobi_1threads_N24_full_iteration_unoptimized.dat,jacobi,3.88225045,10001,0.0,24,1,True,Poisson3D_OMP_V0.1.0,False
143,Poisson3D_OMP_V0.1.0/jacobi_24threads_N64_unoptimized.dat,jacobi,4.50775214,5499,9.99e-06,64,24,False,Poisson3D_OMP_V0.1.0,False
144,Poisson3D_OMP_V0.1.0/jacobi_12threads_N164.dat,jacobi,94.49403503,10001,0.00015515,164,12,False,Poisson3D_OMP_V0.1.0,True
145,Poisson3D_OMP_V0.1.0/jacobi_8threads_N200.dat,jacobi,177.83196078,10001,0.00019322,200,8,False,Poisson3D_OMP_V0.1.0,True
146,Poisson3D_OMP_V0.1.0/jacobi_24threads_N48_full_iteration.dat,jacobi,2.30509086,10001,0.0,48,24,True,Poisson3D_OMP_V0.1.0,True
147,Poisson3D_OMP_V0.1.0/jacobi_2threads_N48.dat,jacobi,0.74288719,3403,9.98e-06,48,2,False,Poisson3D_OMP_V0.1.0,True
148,Poisson3D_OMP_V0.1.0/jacobi_4threads_N200.dat,jacobi,195.0505511,10001,0.00019322,200,4,False,Poisson3D_OMP_V0.1.0,True
149,Poisson3D_OMP_V0.1.0/jacobi_24threads_N64_full_iteration.dat,jacobi,4.96714219,10001,5e-08,64,24,True,Poisson3D_OMP_V0.1.0,True
150,Poisson3D_OMP_V0.1.0/jacobi_4threads_N100_unoptimized.dat,jacobi,79.76311163,10001,2.003e-05,100,4,False,Poisson3D_OMP_V0.1.0,False
151,Poisson3D_OMP_V0.1.0/jacobi_4threads_N164_full_iteration.dat,jacobi,104.76594062,10001,0.00015515,164,4,True,Poisson3D_OMP_V0.1.0,True
152,Poisson3D_OMP_V0.1.0/jacobi_8threads_N100_unoptimized.dat,jacobi,49.16197254,10001,2.003e-05,100,8,False,Poisson3D_OMP_V0.1.0,False
153,Poisson3D_OMP_V0.1.0/jacobi_1threads_N64_full_iteration.dat,jacobi,7.50182781,10001,5e-08,64,1,True,Poisson3D_OMP_V0.1.0,True
154,Poisson3D_OMP_V0.1.0/jacobi_2threads_N100_unoptimized.dat,jacobi,143.52966456,10001,2.003e-05,100,2,False,Poisson3D_OMP_V0.1.0,False
155,Poisson3D_OMP_V0.1.0/jacobi_8threads_N100.dat,jacobi,11.36503159,10001,2.003e-05,100,8,False,Poisson3D_OMP_V0.1.0,True
156,Poisson3D_OMP_V0.1.0/jacobi_24threads_N24_full_iteration.dat,jacobi,0.44429509,10001,0.0,24,24,True,Poisson3D_OMP_V0.1.0,True
157,Poisson3D_OMP_V0.1.0/jacobi_24threads_N200.dat,jacobi,186.54093065,10001,0.00019322,200,24,False,Poisson3D_OMP_V0.1.0,True
158,Poisson3D_OMP_V0.1.0/jacobi_16threads_N24.dat,jacobi,0.03933482,1058,9.96e-06,24,16,False,Poisson3D_OMP_V0.1.0,True
159,Poisson3D_OMP_V0.1.0/jacobi_16threads_N100_unoptimized.dat,jacobi,34.70057993,10001,2.003e-05,100,16,False,Poisson3D_OMP_V0.1.0,False
160,Poisson3D_OMP_V0.1.0/jacobi_16threads_N64_unoptimized.dat,jacobi,4.9650258,5499,9.99e-06,64,16,False,Poisson3D_OMP_V0.1.0,False
161,Poisson3D_OMP_V0.1.0/jacobi_1threads_N100_full_iteration_unoptimized.dat,jacobi,271.18307031,10001,2.003e-05,100,1,True,Poisson3D_OMP_V0.1.0,False
162,Poisson3D_OMP_V0.1.0/jacobi_24threads_N48.dat,jacobi,0.77538547,3403,9.98e-06,48,24,False,Poisson3D_OMP_V0.1.0,True
163,Poisson3D_OMP_V0.1.0/jacobi_1threads_N48.dat,jacobi,1.11215801,3403,9.98e-06,48,1,False,Poisson3D_OMP_V0.1.0,True
164,Poisson3D_OMP_V0.1.0/jacobi_12threads_N24_unoptimized.dat,jacobi,0.06414078,1058,9.96e-06,24,12,False,Poisson3D_OMP_V0.1.0,False
165,Poisson3D_OMP_V0.1.0/jacobi_16threads_N48_full_iteration.dat,jacobi,1.87336378,10001,0.0,48,16,True,Poisson3D_OMP_V0.1.0,True
166,Poisson3D_OMP_V0.1.0/jacobi_16threads_N48.dat,jacobi,0.65158786,3403,9.98e-06,48,16,False,Poisson3D_OMP_V0.1.0,True
167,Poisson3D_OMP_V0.1.0/jacobi_16threads_N100_full_iteration_unoptimized.dat,jacobi,34.70262089,10001,2.003e-05,100,16,True,Poisson3D_OMP_V0.1.0,False
168,Poisson3D_OMP_V0.1.0/jacobi_8threads_N64_unoptimized.dat,jacobi,7.07944298,5499,9.99e-06,64,8,False,Poisson3D_OMP_V0.1.0,False
169,Poisson3D_OMP_V0.1.0/jacobi_1threads_N164.dat,jacobi,196.12939936,10001,0.00015515,164,1,False,Poisson3D_OMP_V0.1.0,True
170,Poisson3D_OMP_V0.1.0/jacobi_12threads_N200.dat,jacobi,178.62998381,10001,0.00019322,200,12,False,Poisson3D_OMP_V0.1.0,True
171,Poisson3D_OMP_V0.1.0/jacobi_4threads_N48.dat,jacobi,0.56370421,3403,9.98e-06,48,4,False,Poisson3D_OMP_V0.1.0,True
172,Poisson3D_OMP_V0.1.0/jacobi_2threads_N164.dat,jacobi,136.10438454,10001,0.00015515,164,2,False,Poisson3D_OMP_V0.1.0,True
173,Poisson3D_OMP_V0.1.0/jacobi_4threads_N24_full_iteration.dat,jacobi,0.30447371,10001,0.0,24,4,True,Poisson3D_OMP_V0.1.0,True
174,Poisson3D_OMP_V0.1.0/jacobi_8threads_N64_full_iteration.dat,jacobi,3.16018668,10001,5e-08,64,8,True,Poisson3D_OMP_V0.1.0,True
175,Poisson3D_OMP_V0.1.0/jacobi_2threads_N100_full_iteration.dat,jacobi,18.16702382,10001,2.003e-05,100,2,True,Poisson3D_OMP_V0.1.0,True
176,Poisson3D_OMP_V0.1.0/jacobi_16threads_N164_unoptimized.dat,jacobi,157.65095024,10001,0.00015515,164,16,False,Poisson3D_OMP_V0.1.0,False
177,Poisson3D_OMP_V0.1.0/jacobi_2threads_N64_full_iteration.dat,jacobi,5.1255555,10001,5e-08,64,2,True,Poisson3D_OMP_V0.1.0,True
178,Poisson3D_OMP_V0.1.0/jacobi_12threads_N100_full_iteration.dat,jacobi,10.99142914,10001,2.003e-05,100,12,True,Poisson3D_OMP_V0.1.0,True
179,Poisson3D_OMP_V0.1.0/jacobi_12threads_N128_full_iteration.dat,jacobi,36.89934891,10001,7.969e-05,128,12,True,Poisson3D_OMP_V0.1.0,True
180,Poisson3D_OMP_V0.1.0/jacobi_16threads_N24_unoptimized.dat,jacobi,0.06944906,1058,9.96e-06,24,16,False,Poisson3D_OMP_V0.1.0,False
181,Poisson3D_OMP_V0.1.0/jacobi_1threads_N100.dat,jacobi,27.240746,10001,2.003e-05,100,1,False,Poisson3D_OMP_V0.1.0,True
182,Poisson3D_OMP_V0.1.0/jacobi_12threads_N200_full_iteration.dat,jacobi,178.16818606,10001,0.00019322,200,12,True,Poisson3D_OMP_V0.1.0,True
183,Poisson3D_OMP_V0.1.0/jacobi_4threads_N100_full_iteration_unoptimized.dat,jacobi,80.11769071,10001,2.003e-05,100,4,True,Poisson3D_OMP_V0.1.0,False
184,Poisson3D_OMP_V0.1.0/jacobi_12threads_N128.dat,jacobi,37.08789821,10001,7.969e-05,128,12,False,Poisson3D_OMP_V0.1.0,True
185,Poisson3D_OMP_V0.1.0/jacobi_1threads_N100_full_iteration.dat,jacobi,27.35791405,10001,2.003e-05,100,1,True,Poisson3D_OMP_V0.1.0,True
186,Poisson3D_OMP_V0.1.1/jacobi_24threads_N100.dat,jacobi,1.51721488,10000,0.0004011,100,24,False,Poisson3D_OMP_V0.1.1,True
187,Poisson3D_OMP_V0.1.1/jacobi_1threads_N48_full_iteration_unoptimized.dat,jacobi,30.006276,10000,0.0,48,1,True,Poisson3D_OMP_V0.1.1,False
188,Poisson3D_OMP_V0.1.1/jacobi_2threads_N48_full_iteration.dat,jacobi,1.65621769,10000,0.0,48,2,True,Poisson3D_OMP_V0.1.1,True
189,Poisson3D_OMP_V0.1.1/jacobi_8threads_N24.dat,jacobi,0.01153308,1358,1e-08,24,8,False,Poisson3D_OMP_V0.1.1,True
190,Poisson3D_OMP_V0.1.1/jacobi_1threads_N128.dat,jacobi,83.25895655,10000,0.01331651,128,1,False,Poisson3D_OMP_V0.1.1,True
191,Poisson3D_OMP_V0.1.1/jacobi_16threads_N48_unoptimized.dat,jacobi,0.94046506,4813,3e-08,48,16,False,Poisson3D_OMP_V0.1.1,False
192,Poisson3D_OMP_V0.1.1/jacobi_4threads_N200_full_iteration.dat,jacobi,102.05640218,10000,0.29868513,200,4,True,Poisson3D_OMP_V0.1.1,True
193,Poisson3D_OMP_V0.1.1/jacobi_12threads_N48.dat,jacobi,0.13914197,4813,3e-08,48,12,False,Poisson3D_OMP_V0.1.1,True
194,Poisson3D_OMP_V0.1.1/jacobi_12threads_N24_full_iteration_unoptimized.dat,jacobi,0.42056437,10000,0.0,24,12,True,Poisson3D_OMP_V0.1.1,False
195,Poisson3D_OMP_V0.1.1/jacobi_8threads_N48.dat,jacobi,0.21681895,4813,3e-08,48,8,False,Poisson3D_OMP_V0.1.1,True
196,Poisson3D_OMP_V0.1.1/jacobi_4threads_N64_full_iteration.dat,jacobi,1.89842675,10000,0.0,64,4,True,Poisson3D_OMP_V0.1.1,True
197,Poisson3D_OMP_V0.1.1/jacobi_24threads_N24_unoptimized.dat,jacobi,0.03940166,1358,1e-08,24,24,False,Poisson3D_OMP_V0.1.1,False
198,Poisson3D_OMP_V0.1.1/jacobi_24threads_N128.dat,jacobi,3.12417666,10000,0.01331651,128,24,False,Poisson3D_OMP_V0.1.1,True
199,Poisson3D_OMP_V0.1.1/jacobi_1threads_N64.dat,jacobi,5.94951025,8167,5e-08,64,1,False,Poisson3D_OMP_V0.1.1,True
200,Poisson3D_OMP_V0.1.1/jacobi_24threads_N24_full_iteration_unoptimized.dat,jacobi,0.30439284,10000,0.0,24,24,True,Poisson3D_OMP_V0.1.1,False
201,Poisson3D_OMP_V0.1.1/jacobi_4threads_N100_full_iteration.dat,jacobi,6.88044393,10000,0.0004011,100,4,True,Poisson3D_OMP_V0.1.1,True
202,Poisson3D_OMP_V0.1.1/jacobi_2threads_N164_unoptimized.dat,jacobi,600.37943687,10000,0.10618404,164,2,False,Poisson3D_OMP_V0.1.1,False
203,Poisson3D_OMP_V0.1.1/jacobi_2threads_N48_full_iteration_unoptimized.dat,jacobi,15.04349413,10000,0.0,48,2,True,Poisson3D_OMP_V0.1.1,False
204,Poisson3D_OMP_V0.1.1/jacobi_24threads_N48_unoptimized.dat,jacobi,0.70742823,4813,3e-08,48,24,False,Poisson3D_OMP_V0.1.1,False
205,Poisson3D_OMP_V0.1.1/jacobi_4threads_N24_unoptimized.dat,jacobi,0.13267268,1358,1e-08,24,4,False,Poisson3D_OMP_V0.1.1,False
206,Poisson3D_OMP_V0.1.1/jacobi_12threads_N48_full_iteration.dat,jacobi,0.34325433,10000,0.0,48,12,True,Poisson3D_OMP_V0.1.1,True
207,Poisson3D_OMP_V0.1.1/jacobi_8threads_N64_full_iteration_unoptimized.dat,jacobi,8.9149711,10000,0.0,64,8,True,Poisson3D_OMP_V0.1.1,False
208,Poisson3D_OMP_V0.1.1/jacobi_16threads_N48_full_iteration_unoptimized.dat,jacobi,1.98645316,10000,0.0,48,16,True,Poisson3D_OMP_V0.1.1,False
209,Poisson3D_OMP_V0.1.1/jacobi_16threads_N164_full_iteration.dat,jacobi,32.96866098,10000,0.10618404,164,16,True,Poisson3D_OMP_V0.1.1,True
210,Poisson3D_OMP_V0.1.1/jacobi_8threads_N100_full_iteration.dat,jacobi,3.64703373,10000,0.0004011,100,8,True,Poisson3D_OMP_V0.1.1,True
211,Poisson3D_OMP_V0.1.1/jacobi_12threads_N48_full_iteration_unoptimized.dat,jacobi,2.57169506,10000,0.0,48,12,True,Poisson3D_OMP_V0.1.1,False
212,Poisson3D_OMP_V0.1.1/jacobi_16threads_N64_full_iteration.dat,jacobi,0.59364273,10000,0.0,64,16,True,Poisson3D_OMP_V0.1.1,True
213,Poisson3D_OMP_V0.1.1/jacobi_16threads_N200.dat,jacobi,59.3802738,10000,0.29868513,200,16,False,Poisson3D_OMP_V0.1.1,True
214,Poisson3D_OMP_V0.1.1/jacobi_1threads_N128_unoptimized.dat,jacobi,570.02391669,10000,0.01331651,128,1,False,Poisson3D_OMP_V0.1.1,False
215,Poisson3D_OMP_V0.1.1/jacobi_2threads_N164_full_iteration.dat,jacobi,103.07871121,10000,0.10618404,164,2,True,Poisson3D_OMP_V0.1.1,True
216,Poisson3D_OMP_V0.1.1/jacobi_24threads_N164_full_iteration_unoptimized.dat,jacobi,54.92274653,10000,0.10618404,164,24,True,Poisson3D_OMP_V0.1.1,False
217,Poisson3D_OMP_V0.1.1/jacobi_16threads_N164_full_iteration_unoptimized.dat,jacobi,86.56220744,10000,0.10618404,164,16,True,Poisson3D_OMP_V0.1.1,False
218,Poisson3D_OMP_V0.1.1/jacobi_8threads_N24_full_iteration.dat,jacobi,0.11263628,10000,0.0,24,8,True,Poisson3D_OMP_V0.1.1,True
219,Poisson3D_OMP_V0.1.1/jacobi_2threads_N200.dat,jacobi,186.23743408,10000,0.29868513,200,2,False,Poisson3D_OMP_V0.1.1,True
220,Poisson3D_OMP_V0.1.1/jacobi_12threads_N100_full_iteration_unoptimized.dat,jacobi,24.3919253,10000,0.0004011,100,12,True,Poisson3D_OMP_V0.1.1,False
221,Poisson3D_OMP_V0.1.1/jacobi_24threads_N100_unoptimized.dat,jacobi,13.72981705,10000,0.0004011,100,24,False,Poisson3D_OMP_V0.1.1,False
222,Poisson3D_OMP_V0.1.1/jacobi_8threads_N24_unoptimized.dat,jacobi,0.06917886,1358,1e-08,24,8,False,Poisson3D_OMP_V0.1.1,False
223,Poisson3D_OMP_V0.1.1/jacobi_8threads_N48_full_iteration.dat,jacobi,0.46853743,10000,0.0,48,8,True,Poisson3D_OMP_V0.1.1,True
224,Poisson3D_OMP_V0.1.1/jacobi_1threads_N164_unoptimized.dat,jacobi,1198.65569398,10000,0.10618404,164,1,False,Poisson3D_OMP_V0.1.1,False
225,Poisson3D_OMP_V0.1.1/jacobi_1threads_N24.dat,jacobi,0.05870875,1358,1e-08,24,1,False,Poisson3D_OMP_V0.1.1,True
226,Poisson3D_OMP_V0.1.1/jacobi_4threads_N64_full_iteration_unoptimized.dat,jacobi,17.76705294,10000,0.0,64,4,True,Poisson3D_OMP_V0.1.1,False
227,Poisson3D_OMP_V0.1.1/jacobi_4threads_N48_unoptimized.dat,jacobi,3.63301913,4813,3e-08,48,4,False,Poisson3D_OMP_V0.1.1,False
228,Poisson3D_OMP_V0.1.1/jacobi_12threads_N164_unoptimized.dat,jacobi,111.71486494,10000,0.10618404,164,12,False,Poisson3D_OMP_V0.1.1,False
229,Poisson3D_OMP_V0.1.1/jacobi_1threads_N48_unoptimized.dat,jacobi,14.4623951,4813,3e-08,48,1,False,Poisson3D_OMP_V0.1.1,False
230,Poisson3D_OMP_V0.1.1/jacobi_1threads_N64_unoptimized.dat,jacobi,57.95329365,8167,5e-08,64,1,False,Poisson3D_OMP_V0.1.1,False
231,Poisson3D_OMP_V0.1.1/jacobi_4threads_N128.dat,jacobi,23.25567564,10000,0.01331651,128,4,False,Poisson3D_OMP_V0.1.1,True
232,Poisson3D_OMP_V0.1.1/jacobi_16threads_N200_full_iteration.dat,jacobi,58.79662764,10000,0.29868513,200,16,True,Poisson3D_OMP_V0.1.1,True
233,Poisson3D_OMP_V0.1.1/jacobi_16threads_N24_full_iteration_unoptimized.dat,jacobi,0.3865733,10000,0.0,24,16,True,Poisson3D_OMP_V0.1.1,False
234,Poisson3D_OMP_V0.1.1/jacobi_12threads_N64_unoptimized.dat,jacobi,5.48020216,8167,5e-08,64,12,False,Poisson3D_OMP_V0.1.1,False
235,Poisson3D_OMP_V0.1.1/jacobi_24threads_N64.dat,jacobi,0.40080374,8167,5e-08,64,24,False,Poisson3D_OMP_V0.1.1,True
236,Poisson3D_OMP_V0.1.1/jacobi_8threads_N164_unoptimized.dat,jacobi,159.74376751,10000,0.10618404,164,8,False,Poisson3D_OMP_V0.1.1,False
237,Poisson3D_OMP_V0.1.1/jacobi_1threads_N164_full_iteration_unoptimized.dat,jacobi,1197.23102969,10000,0.10618404,164,1,True,Poisson3D_OMP_V0.1.1,False
238,Poisson3D_OMP_V0.1.1/jacobi_1threads_N24_full_iteration.dat,jacobi,0.43278369,10000,0.0,24,1,True,Poisson3D_OMP_V0.1.1,True
239,Poisson3D_OMP_V0.1.1/jacobi_1threads_N200_full_iteration.dat,jacobi,358.22389033,10000,0.29868513,200,1,True,Poisson3D_OMP_V0.1.1,True
240,Poisson3D_OMP_V0.1.1/jacobi_16threads_N64.dat,jacobi,0.488834,8167,5e-08,64,16,False,Poisson3D_OMP_V0.1.1,True
241,Poisson3D_OMP_V0.1.1/jacobi_1threads_N128_full_iteration_unoptimized.dat,jacobi,570.58185256,10000,0.01331651,128,1,True,Poisson3D_OMP_V0.1.1,False
242,Poisson3D_OMP_V0.1.1/jacobi_2threads_N100.dat,jacobi,13.55041139,10000,0.0004011,100,2,False,Poisson3D_OMP_V0.1.1,True
243,Poisson3D_OMP_V0.1.1/jacobi_4threads_N48_full_iteration_unoptimized.dat,jacobi,7.54129364,10000,0.0,48,4,True,Poisson3D_OMP_V0.1.1,False
244,Poisson3D_OMP_V0.1.1/jacobi_4threads_N164_full_iteration_unoptimized.dat,jacobi,301.78685947,10000,0.10618404,164,4,True,Poisson3D_OMP_V0.1.1,False
245,Poisson3D_OMP_V0.1.1/jacobi_2threads_N128.dat,jacobi,43.59388042,10000,0.01331651,128,2,False,Poisson3D_OMP_V0.1.1,True
246,Poisson3D_OMP_V0.1.1/jacobi_12threads_N64_full_iteration.dat,jacobi,0.74456555,10000,0.0,64,12,True,Poisson3D_OMP_V0.1.1,True
247,Poisson3D_OMP_V0.1.1/jacobi_4threads_N48_full_iteration.dat,jacobi,0.88209778,10000,0.0,48,4,True,Poisson3D_OMP_V0.1.1,True
248,Poisson3D_OMP_V0.1.1/jacobi_16threads_N100.dat,jacobi,2.11014914,10000,0.0004011,100,16,False,Poisson3D_OMP_V0.1.1,True
249,Poisson3D_OMP_V0.1.1/jacobi_2threads_N164_full_iteration_unoptimized.dat,jacobi,599.8973629,10000,0.10618404,164,2,True,Poisson3D_OMP_V0.1.1,False
250,Poisson3D_OMP_V0.1.1/jacobi_8threads_N24_full_iteration_unoptimized.dat,jacobi,0.59427649,10000,0.0,24,8,True,Poisson3D_OMP_V0.1.1,False
251,Poisson3D_OMP_V0.1.1/jacobi_4threads_N24_full_iteration_unoptimized.dat,jacobi,1.07008577,10000,0.0,24,4,True,Poisson3D_OMP_V0.1.1,False
252,Poisson3D_OMP_V0.1.1/jacobi_4threads_N164_unoptimized.dat,jacobi,301.4967786,10000,0.10618404,164,4,False,Poisson3D_OMP_V0.1.1,False
253,Poisson3D_OMP_V0.1.1/jacobi_8threads_N200_full_iteration.dat,jacobi,76.75267259,10000,0.29868513,200,8,True,Poisson3D_OMP_V0.1.1,True
254,Poisson3D_OMP_V0.1.1/jacobi_16threads_N164.dat,jacobi,33.18288873,10000,0.10618404,164,16,False,Poisson3D_OMP_V0.1.1,True
255,Poisson3D_OMP_V0.1.1/jacobi_8threads_N64.dat,jacobi,0.80736547,8167,5e-08,64,8,False,Poisson3D_OMP_V0.1.1,True
256,Poisson3D_OMP_V0.1.1/jacobi_4threads_N100.dat,jacobi,6.83405535,10000,0.0004011,100,4,False,Poisson3D_OMP_V0.1.1,True
257,Poisson3D_OMP_V0.1.1/jacobi_12threads_N100_unoptimized.dat,jacobi,24.37862969,10000,0.0004011,100,12,False,Poisson3D_OMP_V0.1.1,False
258,Poisson3D_OMP_V0.1.1/jacobi_4threads_N164.dat,jacobi,58.46879496,10000,0.10618404,164,4,False,Poisson3D_OMP_V0.1.1,True
259,Poisson3D_OMP_V0.1.1/jacobi_24threads_N100_full_iteration_unoptimized.dat,jacobi,13.65294732,10000,0.0004011,100,24,True,Poisson3D_OMP_V0.1.1,False
260,Poisson3D_OMP_V0.1.1/jacobi_4threads_N128_full_iteration.dat,jacobi,23.11182704,10000,0.01331651,128,4,True,Poisson3D_OMP_V0.1.1,True
261,Poisson3D_OMP_V0.1.1/jacobi_8threads_N128.dat,jacobi,15.43318375,10000,0.01331651,128,8,False,Poisson3D_OMP_V0.1.1,True
262,Poisson3D_OMP_V0.1.1/jacobi_12threads_N24_full_iteration.dat,jacobi,0.09440809,10000,0.0,24,12,True,Poisson3D_OMP_V0.1.1,True
263,Poisson3D_OMP_V0.1.1/jacobi_1threads_N200_full_iteration_unoptimized.dat,jacobi,2171.98606543,10000,0.29868513,200,1,True,Poisson3D_OMP_V0.1.1,False
264,Poisson3D_OMP_V0.1.1/jacobi_4threads_N64_unoptimized.dat,jacobi,14.52027098,8167,5e-08,64,4,False,Poisson3D_OMP_V0.1.1,False
265,Poisson3D_OMP_V0.1.1/jacobi_8threads_N100_full_iteration_unoptimized.dat,jacobi,35.14603296,10000,0.0004011,100,8,True,Poisson3D_OMP_V0.1.1,False
266,Poisson3D_OMP_V0.1.1/jacobi_1threads_N100_unoptimized.dat,jacobi,269.42655753,10000,0.0004011,100,1,False,Poisson3D_OMP_V0.1.1,False
267,Poisson3D_OMP_V0.1.1/jacobi_2threads_N64_full_iteration_unoptimized.dat,jacobi,35.50410012,10000,0.0,64,2,True,Poisson3D_OMP_V0.1.1,False
268,Poisson3D_OMP_V0.1.1/jacobi_12threads_N100.dat,jacobi,2.59267869,10000,0.0004011,100,12,False,Poisson3D_OMP_V0.1.1,True
269,Poisson3D_OMP_V0.1.1/jacobi_24threads_N164_unoptimized.dat,jacobi,55.43611387,10000,0.10618404,164,24,False,Poisson3D_OMP_V0.1.1,False
270,Poisson3D_OMP_V0.1.1/jacobi_8threads_N164.dat,jacobi,44.4453627,10000,0.10618404,164,8,False,Poisson3D_OMP_V0.1.1,True
271,Poisson3D_OMP_V0.1.1/jacobi_8threads_N164_full_iteration_unoptimized.dat,jacobi,159.87102786,10000,0.10618404,164,8,True,Poisson3D_OMP_V0.1.1,False
272,Poisson3D_OMP_V0.1.1/jacobi_16threads_N64_full_iteration_unoptimized.dat,jacobi,4.53685543,10000,0.0,64,16,True,Poisson3D_OMP_V0.1.1,False
273,Poisson3D_OMP_V0.1.1/jacobi_2threads_N24.dat,jacobi,0.0303294,1358,1e-08,24,2,False,Poisson3D_OMP_V0.1.1,True
274,Poisson3D_OMP_V0.1.1/jacobi_2threads_N128_full_iteration.dat,jacobi,43.10886217,10000,0.01331651,128,2,True,Poisson3D_OMP_V0.1.1,True
275,Poisson3D_OMP_V0.1.1/jacobi_24threads_N100_full_iteration.dat,jacobi,1.50148084,10000,0.0004011,100,24,True,Poisson3D_OMP_V0.1.1,True
276,Poisson3D_OMP_V0.1.1/jacobi_24threads_N200_full_iteration.dat,jacobi,40.31535775,10000,0.29868513,200,24,True,Poisson3D_OMP_V0.1.1,True
277,Poisson3D_OMP_V0.1.1/jacobi_2threads_N24_full_iteration_unoptimized.dat,jacobi,2.01131066,10000,0.0,24,2,True,Poisson3D_OMP_V0.1.1,False
278,Poisson3D_OMP_V0.1.1/jacobi_8threads_N128_full_iteration.dat,jacobi,15.78229306,10000,0.01331651,128,8,True,Poisson3D_OMP_V0.1.1,True
279,Poisson3D_OMP_V0.1.1/jacobi_1threads_N24_unoptimized.dat,jacobi,0.51633199,1358,1e-08,24,1,False,Poisson3D_OMP_V0.1.1,False
280,Poisson3D_OMP_V0.1.1/jacobi_24threads_N24.dat,jacobi,0.0206406,1358,1e-08,24,24,False,Poisson3D_OMP_V0.1.1,True
281,Poisson3D_OMP_V0.1.1/jacobi_12threads_N164_full_iteration_unoptimized.dat,jacobi,111.45958339,10000,0.10618404,164,12,True,Poisson3D_OMP_V0.1.1,False
282,Poisson3D_OMP_V0.1.1/jacobi_16threads_N128.dat,jacobi,5.27468353,10000,0.01331651,128,16,False,Poisson3D_OMP_V0.1.1,True
283,Poisson3D_OMP_V0.1.1/jacobi_12threads_N64.dat,jacobi,0.61836624,8167,5e-08,64,12,False,Poisson3D_OMP_V0.1.1,True
284,Poisson3D_OMP_V0.1.1/jacobi_12threads_N64_full_iteration_unoptimized.dat,jacobi,6.72003207,10000,0.0,64,12,True,Poisson3D_OMP_V0.1.1,False
285,Poisson3D_OMP_V0.1.1/jacobi_1threads_N64_full_iteration_unoptimized.dat,jacobi,70.91384357,10000,0.0,64,1,True,Poisson3D_OMP_V0.1.1,False
286,Poisson3D_OMP_V0.1.1/jacobi_12threads_N164_full_iteration.dat,jacobi,42.94355368,10000,0.10618404,164,12,True,Poisson3D_OMP_V0.1.1,True
287,Poisson3D_OMP_V0.1.1/jacobi_1threads_N128_full_iteration.dat,jacobi,83.11735279,10000,0.01331651,128,1,True,Poisson3D_OMP_V0.1.1,True
288,Poisson3D_OMP_V0.1.1/jacobi_8threads_N48_full_iteration_unoptimized.dat,jacobi,3.79402112,10000,0.0,48,8,True,Poisson3D_OMP_V0.1.1,False
289,Poisson3D_OMP_V0.1.1/jacobi_24threads_N64_full_iteration_unoptimized.dat,jacobi,3.47054559,10000,0.0,64,24,True,Poisson3D_OMP_V0.1.1,False
290,Poisson3D_OMP_V0.1.1/jacobi_1threads_N164_full_iteration.dat,jacobi,194.57128834,10000,0.10618404,164,1,True,Poisson3D_OMP_V0.1.1,True
291,Poisson3D_OMP_V0.1.1/jacobi_24threads_N128_full_iteration.dat,jacobi,3.08960488,10000,0.01331651,128,24,True,Poisson3D_OMP_V0.1.1,True
292,Poisson3D_OMP_V0.1.1/jacobi_12threads_N24.dat,jacobi,0.01043068,1358,1e-08,24,12,False,Poisson3D_OMP_V0.1.1,True
293,Poisson3D_OMP_V0.1.1/jacobi_2threads_N100_full_iteration_unoptimized.dat,jacobi,134.80261275,10000,0.0004011,100,2,True,Poisson3D_OMP_V0.1.1,False
294,Poisson3D_OMP_V0.1.1/jacobi_4threads_N64.dat,jacobi,1.52736295,8167,5e-08,64,4,False,Poisson3D_OMP_V0.1.1,True
295,Poisson3D_OMP_V0.1.1/jacobi_16threads_N100_full_iteration.dat,jacobi,2.05525494,10000,0.0004011,100,16,True,Poisson3D_OMP_V0.1.1,True
296,Poisson3D_OMP_V0.1.1/jacobi_1threads_N200.dat,jacobi,355.12299434,10000,0.29868513,200,1,False,Poisson3D_OMP_V0.1.1,True
297,Poisson3D_OMP_V0.1.1/jacobi_8threads_N164_full_iteration.dat,jacobi,43.61033323,10000,0.10618404,164,8,True,Poisson3D_OMP_V0.1.1,True
298,Poisson3D_OMP_V0.1.1/jacobi_2threads_N200_full_iteration.dat,jacobi,185.45137847,10000,0.29868513,200,2,True,Poisson3D_OMP_V0.1.1,True
299,Poisson3D_OMP_V0.1.1/jacobi_16threads_N24_full_iteration.dat,jacobi,0.12846474,10000,0.0,24,16,True,Poisson3D_OMP_V0.1.1,True
300,Poisson3D_OMP_V0.1.1/jacobi_24threads_N164_full_iteration.dat,jacobi,17.43094232,10000,0.10618404,164,24,True,Poisson3D_OMP_V0.1.1,True
301,Poisson3D_OMP_V0.1.1/jacobi_4threads_N24.dat,jacobi,0.01745376,1358,1e-08,24,4,False,Poisson3D_OMP_V0.1.1,True
302,Poisson3D_OMP_V0.1.1/jacobi_2threads_N64.dat,jacobi,3.05964981,8167,5e-08,64,2,False,Poisson3D_OMP_V0.1.1,True
303,Poisson3D_OMP_V0.1.1/jacobi_24threads_N164.dat,jacobi,17.88411067,10000,0.10618404,164,24,False,Poisson3D_OMP_V0.1.1,True
304,Poisson3D_OMP_V0.1.1/jacobi_1threads_N48_full_iteration.dat,jacobi,3.14931235,10000,0.0,48,1,True,Poisson3D_OMP_V0.1.1,True
305,Poisson3D_OMP_V0.1.1/jacobi_16threads_N128_full_iteration.dat,jacobi,5.26585,10000,0.01331651,128,16,True,Poisson3D_OMP_V0.1.1,True
306,Poisson3D_OMP_V0.1.1/jacobi_2threads_N24_full_iteration.dat,jacobi,0.27151071,10000,0.0,24,2,True,Poisson3D_OMP_V0.1.1,True
307,Poisson3D_OMP_V0.1.1/jacobi_2threads_N64_unoptimized.dat,jacobi,29.00081693,8167,5e-08,64,2,False,Poisson3D_OMP_V0.1.1,False
308,Poisson3D_OMP_V0.1.1/jacobi_2threads_N24_unoptimized.dat,jacobi,0.26052542,1358,1e-08,24,2,False,Poisson3D_OMP_V0.1.1,False
309,Poisson3D_OMP_V0.1.1/jacobi_1threads_N24_full_iteration_unoptimized.dat,jacobi,3.83716833,10000,0.0,24,1,True,Poisson3D_OMP_V0.1.1,False
310,Poisson3D_OMP_V0.1.1/jacobi_24threads_N64_unoptimized.dat,jacobi,2.81143192,8167,5e-08,64,24,False,Poisson3D_OMP_V0.1.1,False
311,Poisson3D_OMP_V0.1.1/jacobi_12threads_N164.dat,jacobi,43.08682762,10000,0.10618404,164,12,False,Poisson3D_OMP_V0.1.1,True
312,Poisson3D_OMP_V0.1.1/jacobi_8threads_N200.dat,jacobi,76.89243997,10000,0.29868513,200,8,False,Poisson3D_OMP_V0.1.1,True
313,Poisson3D_OMP_V0.1.1/jacobi_24threads_N48_full_iteration.dat,jacobi,0.26452019,10000,0.0,48,24,True,Poisson3D_OMP_V0.1.1,True
314,Poisson3D_OMP_V0.1.1/jacobi_2threads_N48.dat,jacobi,0.78911687,4813,3e-08,48,2,False,Poisson3D_OMP_V0.1.1,True
315,Poisson3D_OMP_V0.1.1/jacobi_4threads_N200.dat,jacobi,101.9757787,10000,0.29868513,200,4,False,Poisson3D_OMP_V0.1.1,True
316,Poisson3D_OMP_V0.1.1/jacobi_24threads_N64_full_iteration.dat,jacobi,0.49553449,10000,0.0,64,24,True,Poisson3D_OMP_V0.1.1,True
317,Poisson3D_OMP_V0.1.1/jacobi_4threads_N100_unoptimized.dat,jacobi,67.45558648,10000,0.0004011,100,4,False,Poisson3D_OMP_V0.1.1,False
318,Poisson3D_OMP_V0.1.1/jacobi_4threads_N164_full_iteration.dat,jacobi,58.20534865,10000,0.10618404,164,4,True,Poisson3D_OMP_V0.1.1,True
319,Poisson3D_OMP_V0.1.1/jacobi_2threads_N48_unoptimized.dat,jacobi,7.24409732,4813,3e-08,48,2,False,Poisson3D_OMP_V0.1.1,False
320,Poisson3D_OMP_V0.1.1/jacobi_8threads_N100_unoptimized.dat,jacobi,35.13855222,10000,0.0004011,100,8,False,Poisson3D_OMP_V0.1.1,False
321,Poisson3D_OMP_V0.1.1/jacobi_1threads_N64_full_iteration.dat,jacobi,7.3690478,10000,0.0,64,1,True,Poisson3D_OMP_V0.1.1,True
322,Poisson3D_OMP_V0.1.1/jacobi_2threads_N100_unoptimized.dat,jacobi,134.80645698,10000,0.0004011,100,2,False,Poisson3D_OMP_V0.1.1,False
323,Poisson3D_OMP_V0.1.1/jacobi_8threads_N100.dat,jacobi,3.70134564,10000,0.0004011,100,8,False,Poisson3D_OMP_V0.1.1,True
324,Poisson3D_OMP_V0.1.1/jacobi_12threads_N48_unoptimized.dat,jacobi,1.23816091,4813,3e-08,48,12,False,Poisson3D_OMP_V0.1.1,False
325,Poisson3D_OMP_V0.1.1/jacobi_24threads_N24_full_iteration.dat,jacobi,0.1524775,10000,0.0,24,24,True,Poisson3D_OMP_V0.1.1,True
326,Poisson3D_OMP_V0.1.1/jacobi_24threads_N200.dat,jacobi,40.38167593,10000,0.29868513,200,24,False,Poisson3D_OMP_V0.1.1,True
327,Poisson3D_OMP_V0.1.1/jacobi_16threads_N24.dat,jacobi,0.016232,1358,1e-08,24,16,False,Poisson3D_OMP_V0.1.1,True
328,Poisson3D_OMP_V0.1.1/jacobi_16threads_N100_unoptimized.dat,jacobi,18.9814205,10000,0.0004011,100,16,False,Poisson3D_OMP_V0.1.1,False
329,Poisson3D_OMP_V0.1.1/jacobi_16threads_N64_unoptimized.dat,jacobi,3.69823985,8167,5e-08,64,16,False,Poisson3D_OMP_V0.1.1,False
330,Poisson3D_OMP_V0.1.1/jacobi_1threads_N100_full_iteration_unoptimized.dat,jacobi,269.445728,10000,0.0004011,100,1,True,Poisson3D_OMP_V0.1.1,False
331,Poisson3D_OMP_V0.1.1/jacobi_24threads_N48.dat,jacobi,0.13002192,4813,3e-08,48,24,False,Poisson3D_OMP_V0.1.1,True
332,Poisson3D_OMP_V0.1.1/jacobi_1threads_N48.dat,jacobi,1.52818021,4813,3e-08,48,1,False,Poisson3D_OMP_V0.1.1,True
333,Poisson3D_OMP_V0.1.1/jacobi_24threads_N48_full_iteration_unoptimized.dat,jacobi,1.42333555,10000,0.0,48,24,True,Poisson3D_OMP_V0.1.1,False
334,Poisson3D_OMP_V0.1.1/jacobi_12threads_N24_unoptimized.dat,jacobi,0.04877287,1358,1e-08,24,12,False,Poisson3D_OMP_V0.1.1,False
335,Poisson3D_OMP_V0.1.1/jacobi_16threads_N48_full_iteration.dat,jacobi,0.2866318,10000,0.0,48,16,True,Poisson3D_OMP_V0.1.1,True
336,Poisson3D_OMP_V0.1.1/jacobi_16threads_N48.dat,jacobi,0.13425522,4813,3e-08,48,16,False,Poisson3D_OMP_V0.1.1,True
337,Poisson3D_OMP_V0.1.1/jacobi_16threads_N100_full_iteration_unoptimized.dat,jacobi,18.95764129,10000,0.0004011,100,16,True,Poisson3D_OMP_V0.1.1,False
338,Poisson3D_OMP_V0.1.1/jacobi_8threads_N64_unoptimized.dat,jacobi,7.28219826,8167,5e-08,64,8,False,Poisson3D_OMP_V0.1.1,False
339,Poisson3D_OMP_V0.1.1/jacobi_1threads_N164.dat,jacobi,194.59684364,10000,0.10618404,164,1,False,Poisson3D_OMP_V0.1.1,True
340,Poisson3D_OMP_V0.1.1/jacobi_12threads_N200.dat,jacobi,76.96735144,10000,0.29868513,200,12,False,Poisson3D_OMP_V0.1.1,True
341,Poisson3D_OMP_V0.1.1/jacobi_4threads_N48.dat,jacobi,0.4018531,4813,3e-08,48,4,False,Poisson3D_OMP_V0.1.1,True
342,Poisson3D_OMP_V0.1.1/jacobi_2threads_N164.dat,jacobi,103.47620941,10000,0.10618404,164,2,False,Poisson3D_OMP_V0.1.1,True
343,Poisson3D_OMP_V0.1.1/jacobi_4threads_N24_full_iteration.dat,jacobi,0.15863803,10000,0.0,24,4,True,Poisson3D_OMP_V0.1.1,True
344,Poisson3D_OMP_V0.1.1/jacobi_8threads_N64_full_iteration.dat,jacobi,0.99619547,10000,0.0,64,8,True,Poisson3D_OMP_V0.1.1,True
345,Poisson3D_OMP_V0.1.1/jacobi_2threads_N100_full_iteration.dat,jacobi,13.576726,10000,0.0004011,100,2,True,Poisson3D_OMP_V0.1.1,True
346,Poisson3D_OMP_V0.1.1/jacobi_16threads_N164_unoptimized.dat,jacobi,86.83659059,10000,0.10618404,164,16,False,Poisson3D_OMP_V0.1.1,False
347,Poisson3D_OMP_V0.1.1/jacobi_2threads_N64_full_iteration.dat,jacobi,3.73235633,10000,0.0,64,2,True,Poisson3D_OMP_V0.1.1,True
348,Poisson3D_OMP_V0.1.1/jacobi_12threads_N100_full_iteration.dat,jacobi,2.59782338,10000,0.0004011,100,12,True,Poisson3D_OMP_V0.1.1,True
349,Poisson3D_OMP_V0.1.1/jacobi_12threads_N128_full_iteration.dat,jacobi,14.78090045,10000,0.01331651,128,12,True,Poisson3D_OMP_V0.1.1,True
350,Poisson3D_OMP_V0.1.1/jacobi_16threads_N24_unoptimized.dat,jacobi,0.05260114,1358,1e-08,24,16,False,Poisson3D_OMP_V0.1.1,False
351,Poisson3D_OMP_V0.1.1/jacobi_1threads_N100.dat,jacobi,26.99559243,10000,0.0004011,100,1,False,Poisson3D_OMP_V0.1.1,True
352,Poisson3D_OMP_V0.1.1/jacobi_12threads_N200_full_iteration.dat,jacobi,76.58520529,10000,0.29868513,200,12,True,Poisson3D_OMP_V0.1.1,True
353,Poisson3D_OMP_V0.1.1/jacobi_8threads_N48_unoptimized.dat,jacobi,1.83012244,4813,3e-08,48,8,False,Poisson3D_OMP_V0.1.1,False
354,Poisson3D_OMP_V0.1.1/jacobi_4threads_N100_full_iteration_unoptimized.dat,jacobi,67.4480672,10000,0.0004011,100,4,True,Poisson3D_OMP_V0.1.1,False
355,Poisson3D_OMP_V0.1.1/jacobi_12threads_N128.dat,jacobi,14.50813237,10000,0.01331651,128,12,False,Poisson3D_OMP_V0.1.1,True
356,Poisson3D_OMP_V0.1.1/jacobi_1threads_N100_full_iteration.dat,jacobi,26.92297794,10000,0.0004011,100,1,True,Poisson3D_OMP_V0.1.1,True
357,Poisson3D_OMP_V0.2.0/gaussseidel_1threads_N100_full_iteration_unoptimized.dat,gaussseidel,244.21983075,10000,3.2e-07,100,1,True,Poisson3D_OMP_V0.2.0,False
358,Poisson3D_OMP_V0.2.0/jacobi_24threads_N100.dat,jacobi,1.5248289,10000,2.003e-05,100,24,False,Poisson3D_OMP_V0.2.0,True
359,Poisson3D_OMP_V0.2.0/jacobi_1threads_N48_full_iteration_unoptimized.dat,jacobi,33.66041779,10000,0.0,48,1,True,Poisson3D_OMP_V0.2.0,False
360,Poisson3D_OMP_V0.2.0/jacobi_2threads_N48_full_iteration.dat,jacobi,1.68323602,10000,0.0,48,2,True,Poisson3D_OMP_V0.2.0,True
361,Poisson3D_OMP_V0.2.0/jacobi_8threads_N24.dat,jacobi,0.03031574,1059,9.96e-06,24,8,False,Poisson3D_OMP_V0.2.0,True
362,Poisson3D_OMP_V0.2.0/jacobi_16threads_N48_unoptimized.dat,jacobi,0.97040246,3404,9.98e-06,48,16,False,Poisson3D_OMP_V0.2.0,False
363,Poisson3D_OMP_V0.2.0/jacobi_12threads_N48.dat,jacobi,0.12031672,3404,9.98e-06,48,12,False,Poisson3D_OMP_V0.2.0,True
364,Poisson3D_OMP_V0.2.0/jacobi_12threads_N24_full_iteration_unoptimized.dat,jacobi,0.4617172,10000,0.0,24,12,True,Poisson3D_OMP_V0.2.0,False
365,Poisson3D_OMP_V0.2.0/jacobi_8threads_N48.dat,jacobi,0.16778989,3404,9.98e-06,48,8,False,Poisson3D_OMP_V0.2.0,True
366,Poisson3D_OMP_V0.2.0/jacobi_4threads_N64_full_iteration.dat,jacobi,1.92027499,10000,5e-08,64,4,True,Poisson3D_OMP_V0.2.0,True
367,Poisson3D_OMP_V0.2.0/jacobi_24threads_N24_unoptimized.dat,jacobi,0.12521916,1059,9.96e-06,24,24,False,Poisson3D_OMP_V0.2.0,False
368,Poisson3D_OMP_V0.2.0/gaussseidel_1threads_N24_full_iteration_unoptimized.dat,gaussseidel,3.49488402,10000,0.0,24,1,True,Poisson3D_OMP_V0.2.0,False
369,Poisson3D_OMP_V0.2.0/gaussseidel_24threads_N48_full_iteration.dat,gaussseidel,1.14841171,10000,0.0,48,24,True,Poisson3D_OMP_V0.2.0,True
370,Poisson3D_OMP_V0.2.0/gaussseidel_16threads_N100_full_iteration_unoptimized.dat,gaussseidel,20.95005159,10000,3.2e-07,100,16,True,Poisson3D_OMP_V0.2.0,False
371,Poisson3D_OMP_V0.2.0/jacobi_1threads_N64.dat,jacobi,4.1066093,5500,9.99e-06,64,1,False,Poisson3D_OMP_V0.2.0,True
372,Poisson3D_OMP_V0.2.0/jacobi_24threads_N24_full_iteration_unoptimized.dat,jacobi,0.66080966,10000,0.0,24,24,True,Poisson3D_OMP_V0.2.0,False
373,Poisson3D_OMP_V0.2.0/jacobi_4threads_N100_full_iteration.dat,jacobi,7.02178268,10000,2.003e-05,100,4,True,Poisson3D_OMP_V0.2.0,True
374,Poisson3D_OMP_V0.2.0/gaussseidel_4threads_N24.dat,gaussseidel,0.47062999,577,9.97e-06,24,4,False,Poisson3D_OMP_V0.2.0,True
375,Poisson3D_OMP_V0.2.0/jacobi_2threads_N164_unoptimized.dat,jacobi,666.96487206,10000,0.00015515,164,2,False,Poisson3D_OMP_V0.2.0,False
376,Poisson3D_OMP_V0.2.0/jacobi_2threads_N48_full_iteration_unoptimized.dat,jacobi,16.85690442,10000,0.0,48,2,True,Poisson3D_OMP_V0.2.0,False
377,Poisson3D_OMP_V0.2.0/jacobi_24threads_N48_unoptimized.dat,jacobi,0.69170981,3404,9.98e-06,48,24,False,Poisson3D_OMP_V0.2.0,False
378,Poisson3D_OMP_V0.2.0/jacobi_4threads_N24_unoptimized.dat,jacobi,0.2400116,1059,9.96e-06,24,4,False,Poisson3D_OMP_V0.2.0,False
379,Poisson3D_OMP_V0.2.0/gaussseidel_12threads_N164_full_iteration_unoptimized.dat,gaussseidel,93.53227355,10000,5.045e-05,164,12,True,Poisson3D_OMP_V0.2.0,False
380,Poisson3D_OMP_V0.2.0/jacobi_12threads_N48_full_iteration.dat,jacobi,0.3192088,10000,0.0,48,12,True,Poisson3D_OMP_V0.2.0,True
381,Poisson3D_OMP_V0.2.0/jacobi_8threads_N64_full_iteration_unoptimized.dat,jacobi,9.97668604,10000,5e-08,64,8,True,Poisson3D_OMP_V0.2.0,False
382,Poisson3D_OMP_V0.2.0/jacobi_16threads_N48_full_iteration_unoptimized.dat,jacobi,2.22151596,10000,0.0,48,16,True,Poisson3D_OMP_V0.2.0,False
383,Poisson3D_OMP_V0.2.0/jacobi_16threads_N164_full_iteration.dat,jacobi,31.05088362,10000,0.00015515,164,16,True,Poisson3D_OMP_V0.2.0,True
384,Poisson3D_OMP_V0.2.0/gaussseidel_24threads_N164_full_iteration_unoptimized.dat,gaussseidel,52.75747526,10000,5.045e-05,164,24,True,Poisson3D_OMP_V0.2.0,False
385,Poisson3D_OMP_V0.2.0/gaussseidel_16threads_N48_full_iteration.dat,gaussseidel,1.31118176,10000,0.0,48,16,True,Poisson3D_OMP_V0.2.0,True
386,Poisson3D_OMP_V0.2.0/jacobi_8threads_N100_full_iteration.dat,jacobi,3.66399996,10000,2.003e-05,100,8,True,Poisson3D_OMP_V0.2.0,True
387,Poisson3D_OMP_V0.2.0/jacobi_12threads_N48_full_iteration_unoptimized.dat,jacobi,2.86234409,10000,0.0,48,12,True,Poisson3D_OMP_V0.2.0,False
388,Poisson3D_OMP_V0.2.0/jacobi_16threads_N64_full_iteration.dat,jacobi,0.58757851,10000,5e-08,64,16,True,Poisson3D_OMP_V0.2.0,True
389,Poisson3D_OMP_V0.2.0/gaussseidel_16threads_N100.dat,gaussseidel,41.32129735,6446,1e-05,100,16,False,Poisson3D_OMP_V0.2.0,True
390,Poisson3D_OMP_V0.2.0/jacobi_2threads_N164_full_iteration.dat,jacobi,102.88575726,10000,0.00015515,164,2,True,Poisson3D_OMP_V0.2.0,True
391,Poisson3D_OMP_V0.2.0/gaussseidel_24threads_N64_full_iteration_unoptimized.dat,gaussseidel,5.03467924,10000,0.0,64,24,True,Poisson3D_OMP_V0.2.0,False
392,Poisson3D_OMP_V0.2.0/gaussseidel_12threads_N100_full_iteration_unoptimized.dat,gaussseidel,22.97061574,10000,3.2e-07,100,12,True,Poisson3D_OMP_V0.2.0,False
393,Poisson3D_OMP_V0.2.0/jacobi_24threads_N164_full_iteration_unoptimized.dat,jacobi,58.40212703,10000,0.00015515,164,24,True,Poisson3D_OMP_V0.2.0,False
394,Poisson3D_OMP_V0.2.0/jacobi_16threads_N164_full_iteration_unoptimized.dat,jacobi,90.98565817,10000,0.00015515,164,16,True,Poisson3D_OMP_V0.2.0,False
395,Poisson3D_OMP_V0.2.0/gaussseidel_4threads_N48_full_iteration.dat,gaussseidel,2.13307456,10000,0.0,48,4,True,Poisson3D_OMP_V0.2.0,True
396,Poisson3D_OMP_V0.2.0/jacobi_8threads_N24_full_iteration.dat,jacobi,0.11267172,10000,0.0,24,8,True,Poisson3D_OMP_V0.2.0,True
397,Poisson3D_OMP_V0.2.0/gaussseidel_24threads_N24_full_iteration.dat,gaussseidel,0.37730317,10000,0.0,24,24,True,Poisson3D_OMP_V0.2.0,True
398,Poisson3D_OMP_V0.2.0/jacobi_12threads_N100_full_iteration_unoptimized.dat,jacobi,27.27877656,10000,2.003e-05,100,12,True,Poisson3D_OMP_V0.2.0,False
399,Poisson3D_OMP_V0.2.0/jacobi_24threads_N100_unoptimized.dat,jacobi,15.35005997,10000,2.003e-05,100,24,False,Poisson3D_OMP_V0.2.0,False
400,Poisson3D_OMP_V0.2.0/jacobi_8threads_N24_unoptimized.dat,jacobi,0.13485098,1059,9.96e-06,24,8,False,Poisson3D_OMP_V0.2.0,False
401,Poisson3D_OMP_V0.2.0/gaussseidel_12threads_N48_full_iteration.dat,gaussseidel,0.90428474,10000,0.0,48,12,True,Poisson3D_OMP_V0.2.0,True
402,Poisson3D_OMP_V0.2.0/jacobi_8threads_N48_full_iteration.dat,jacobi,0.46930036,10000,0.0,48,8,True,Poisson3D_OMP_V0.2.0,True
403,Poisson3D_OMP_V0.2.0/gaussseidel_8threads_N100_full_iteration.dat,gaussseidel,8.62248523,10000,3.2e-07,100,8,True,Poisson3D_OMP_V0.2.0,True
404,Poisson3D_OMP_V0.2.0/jacobi_1threads_N164_unoptimized.dat,jacobi,1332.06633288,10000,0.00015515,164,1,False,Poisson3D_OMP_V0.2.0,False
405,Poisson3D_OMP_V0.2.0/jacobi_1threads_N24.dat,jacobi,0.07356636,1059,9.96e-06,24,1,False,Poisson3D_OMP_V0.2.0,True
406,Poisson3D_OMP_V0.2.0/jacobi_4threads_N64_full_iteration_unoptimized.dat,jacobi,19.89958323,10000,5e-08,64,4,True,Poisson3D_OMP_V0.2.0,False
407,Poisson3D_OMP_V0.2.0/jacobi_4threads_N48_unoptimized.dat,jacobi,3.4587011,3404,9.98e-06,48,4,False,Poisson3D_OMP_V0.2.0,False
408,Poisson3D_OMP_V0.2.0/jacobi_12threads_N164_unoptimized.dat,jacobi,115.88151197,10000,0.00015515,164,12,False,Poisson3D_OMP_V0.2.0,False
409,Poisson3D_OMP_V0.2.0/jacobi_1threads_N48_unoptimized.dat,jacobi,13.75811843,3404,9.98e-06,48,1,False,Poisson3D_OMP_V0.2.0,False
410,Poisson3D_OMP_V0.2.0/jacobi_1threads_N64_unoptimized.dat,jacobi,47.31480373,5500,9.99e-06,64,1,False,Poisson3D_OMP_V0.2.0,False
411,Poisson3D_OMP_V0.2.0/gaussseidel_12threads_N64_full_iteration_unoptimized.dat,gaussseidel,6.60375629,10000,0.0,64,12,True,Poisson3D_OMP_V0.2.0,False
412,Poisson3D_OMP_V0.2.0/jacobi_16threads_N24_full_iteration_unoptimized.dat,jacobi,0.41954032,10000,0.0,24,16,True,Poisson3D_OMP_V0.2.0,False
413,Poisson3D_OMP_V0.2.0/gaussseidel_8threads_N100.dat,gaussseidel,41.30908898,6446,1e-05,100,8,False,Poisson3D_OMP_V0.2.0,True
414,Poisson3D_OMP_V0.2.0/gaussseidel_1threads_N164_full_iteration_unoptimized.dat,gaussseidel,1056.77166391,10000,5.045e-05,164,1,True,Poisson3D_OMP_V0.2.0,False
415,Poisson3D_OMP_V0.2.0/gaussseidel_1threads_N164.dat,gaussseidel,253.3485913,10000,5.045e-05,164,1,False,Poisson3D_OMP_V0.2.0,True
416,Poisson3D_OMP_V0.2.0/gaussseidel_4threads_N64_full_iteration_unoptimized.dat,gaussseidel,17.22500998,10000,0.0,64,4,True,Poisson3D_OMP_V0.2.0,False
417,Poisson3D_OMP_V0.2.0/jacobi_12threads_N64_unoptimized.dat,jacobi,4.47411977,5500,9.99e-06,64,12,False,Poisson3D_OMP_V0.2.0,False
418,Poisson3D_OMP_V0.2.0/jacobi_24threads_N64.dat,jacobi,0.32134336,5500,9.99e-06,64,24,False,Poisson3D_OMP_V0.2.0,True
419,Poisson3D_OMP_V0.2.0/jacobi_8threads_N164_unoptimized.dat,jacobi,171.99350712,10000,0.00015515,164,8,False,Poisson3D_OMP_V0.2.0,False
420,Poisson3D_OMP_V0.2.0/jacobi_1threads_N164_full_iteration_unoptimized.dat,jacobi,1332.41846848,10000,0.00015515,164,1,True,Poisson3D_OMP_V0.2.0,False
421,Poisson3D_OMP_V0.2.0/gaussseidel_4threads_N100_full_iteration.dat,gaussseidel,16.3098009,10000,3.2e-07,100,4,True,Poisson3D_OMP_V0.2.0,True
422,Poisson3D_OMP_V0.2.0/jacobi_1threads_N24_full_iteration.dat,jacobi,0.43776021,10000,0.0,24,1,True,Poisson3D_OMP_V0.2.0,True
423,Poisson3D_OMP_V0.2.0/jacobi_16threads_N64.dat,jacobi,0.36540938,5500,9.99e-06,64,16,False,Poisson3D_OMP_V0.2.0,True
424,Poisson3D_OMP_V0.2.0/gaussseidel_1threads_N164_full_iteration.dat,gaussseidel,253.95053376,10000,5.045e-05,164,1,True,Poisson3D_OMP_V0.2.0,True
425,Poisson3D_OMP_V0.2.0/gaussseidel_1threads_N64.dat,gaussseidel,7.21833272,3054,1e-05,64,1,False,Poisson3D_OMP_V0.2.0,True
426,Poisson3D_OMP_V0.2.0/jacobi_2threads_N100.dat,jacobi,13.7966513,10000,2.003e-05,100,2,False,Poisson3D_OMP_V0.2.0,True
427,Poisson3D_OMP_V0.2.0/jacobi_4threads_N48_full_iteration_unoptimized.dat,jacobi,8.44879413,10000,0.0,48,4,True,Poisson3D_OMP_V0.2.0,False
428,Poisson3D_OMP_V0.2.0/jacobi_4threads_N164_full_iteration_unoptimized.dat,jacobi,334.56698177,10000,0.00015515,164,4,True,Poisson3D_OMP_V0.2.0,False
429,Poisson3D_OMP_V0.2.0/gaussseidel_1threads_N48_full_iteration_unoptimized.dat,gaussseidel,28.30627692,10000,0.0,48,1,True,Poisson3D_OMP_V0.2.0,False
430,Poisson3D_OMP_V0.2.0/gaussseidel_2threads_N164.dat,gaussseidel,253.38793292,10000,5.045e-05,164,2,False,Poisson3D_OMP_V0.2.0,True
431,Poisson3D_OMP_V0.2.0/gaussseidel_4threads_N24_full_iteration_unoptimized.dat,gaussseidel,1.16602288,10000,0.0,24,4,True,Poisson3D_OMP_V0.2.0,False
432,Poisson3D_OMP_V0.2.0/gaussseidel_2threads_N48.dat,gaussseidel,2.7769159,1877,9.97e-06,48,2,False,Poisson3D_OMP_V0.2.0,True
433,Poisson3D_OMP_V0.2.0/gaussseidel_1threads_N64_full_iteration_unoptimized.dat,gaussseidel,63.98715001,10000,0.0,64,1,True,Poisson3D_OMP_V0.2.0,False
434,Poisson3D_OMP_V0.2.0/jacobi_12threads_N64_full_iteration.dat,jacobi,0.75431894,10000,5e-08,64,12,True,Poisson3D_OMP_V0.2.0,True
435,Poisson3D_OMP_V0.2.0/jacobi_4threads_N48_full_iteration.dat,jacobi,0.89794501,10000,0.0,48,4,True,Poisson3D_OMP_V0.2.0,True
436,Poisson3D_OMP_V0.2.0/jacobi_16threads_N100.dat,jacobi,2.05396158,10000,2.003e-05,100,16,False,Poisson3D_OMP_V0.2.0,True
437,Poisson3D_OMP_V0.2.0/jacobi_2threads_N164_full_iteration_unoptimized.dat,jacobi,667.06884993,10000,0.00015515,164,2,True,Poisson3D_OMP_V0.2.0,False
438,Poisson3D_OMP_V0.2.0/gaussseidel_2threads_N48_full_iteration.dat,gaussseidel,4.00952454,10000,0.0,48,2,True,Poisson3D_OMP_V0.2.0,True
439,Poisson3D_OMP_V0.2.0/jacobi_8threads_N24_full_iteration_unoptimized.dat,jacobi,0.65810789,10000,0.0,24,8,True,Poisson3D_OMP_V0.2.0,False
440,Poisson3D_OMP_V0.2.0/gaussseidel_24threads_N64.dat,gaussseidel,7.24297531,3054,1e-05,64,24,False,Poisson3D_OMP_V0.2.0,True
441,Poisson3D_OMP_V0.2.0/gaussseidel_16threads_N24_full_iteration_unoptimized.dat,gaussseidel,0.64257311,10000,0.0,24,16,True,Poisson3D_OMP_V0.2.0,False
442,Poisson3D_OMP_V0.2.0/jacobi_4threads_N24_full_iteration_unoptimized.dat,jacobi,1.17900707,10000,0.0,24,4,True,Poisson3D_OMP_V0.2.0,False
443,Poisson3D_OMP_V0.2.0/jacobi_4threads_N164_unoptimized.dat,jacobi,334.22537593,10000,0.00015515,164,4,False,Poisson3D_OMP_V0.2.0,False
444,Poisson3D_OMP_V0.2.0/jacobi_16threads_N164.dat,jacobi,31.17654173,10000,0.00015515,164,16,False,Poisson3D_OMP_V0.2.0,True
445,Poisson3D_OMP_V0.2.0/gaussseidel_24threads_N164_full_iteration.dat,gaussseidel,16.67831423,10000,5.045e-05,164,24,True,Poisson3D_OMP_V0.2.0,True
446,Poisson3D_OMP_V0.2.0/gaussseidel_24threads_N24_full_iteration_unoptimized.dat,gaussseidel,0.65635722,10000,0.0,24,24,True,Poisson3D_OMP_V0.2.0,False
447,Poisson3D_OMP_V0.2.0/jacobi_8threads_N64.dat,jacobi,0.55250448,5500,9.99e-06,64,8,False,Poisson3D_OMP_V0.2.0,True
448,Poisson3D_OMP_V0.2.0/gaussseidel_16threads_N24_full_iteration.dat,gaussseidel,0.38485574,10000,0.0,24,16,True,Poisson3D_OMP_V0.2.0,True
449,Poisson3D_OMP_V0.2.0/jacobi_4threads_N100.dat,jacobi,7.07360726,10000,2.003e-05,100,4,False,Poisson3D_OMP_V0.2.0,True
450,Poisson3D_OMP_V0.2.0/jacobi_12threads_N100_unoptimized.dat,jacobi,27.31687895,10000,2.003e-05,100,12,False,Poisson3D_OMP_V0.2.0,False
451,Poisson3D_OMP_V0.2.0/gaussseidel_12threads_N164_full_iteration.dat,gaussseidel,23.7682596,10000,5.045e-05,164,12,True,Poisson3D_OMP_V0.2.0,True
452,Poisson3D_OMP_V0.2.0/gaussseidel_24threads_N100_full_iteration_unoptimized.dat,gaussseidel,14.70430903,10000,3.2e-07,100,24,True,Poisson3D_OMP_V0.2.0,False
453,Poisson3D_OMP_V0.2.0/jacobi_4threads_N164.dat,jacobi,56.63803581,10000,0.00015515,164,4,False,Poisson3D_OMP_V0.2.0,True
454,Poisson3D_OMP_V0.2.0/jacobi_24threads_N100_full_iteration_unoptimized.dat,jacobi,15.28882999,10000,2.003e-05,100,24,True,Poisson3D_OMP_V0.2.0,False
455,Poisson3D_OMP_V0.2.0/jacobi_12threads_N24_full_iteration.dat,jacobi,0.09306945,10000,0.0,24,12,True,Poisson3D_OMP_V0.2.0,True
456,Poisson3D_OMP_V0.2.0/jacobi_4threads_N64_unoptimized.dat,jacobi,11.84716766,5500,9.99e-06,64,4,False,Poisson3D_OMP_V0.2.0,False
457,Poisson3D_OMP_V0.2.0/gaussseidel_1threads_N24.dat,gaussseidel,0.55694891,577,9.97e-06,24,1,False,Poisson3D_OMP_V0.2.0,True
458,Poisson3D_OMP_V0.2.0/gaussseidel_4threads_N64_full_iteration.dat,gaussseidel,4.6109427,10000,0.0,64,4,True,Poisson3D_OMP_V0.2.0,True
459,Poisson3D_OMP_V0.2.0/jacobi_8threads_N100_full_iteration_unoptimized.dat,jacobi,39.25192741,10000,2.003e-05,100,8,True,Poisson3D_OMP_V0.2.0,False
460,Poisson3D_OMP_V0.2.0/gaussseidel_2threads_N100_full_iteration.dat,gaussseidel,31.6303264,10000,3.2e-07,100,2,True,Poisson3D_OMP_V0.2.0,True
461,Poisson3D_OMP_V0.2.0/jacobi_1threads_N100_unoptimized.dat,jacobi,301.35618631,10000,2.003e-05,100,1,False,Poisson3D_OMP_V0.2.0,False
462,Poisson3D_OMP_V0.2.0/gaussseidel_24threads_N100.dat,gaussseidel,41.33026229,6446,1e-05,100,24,False,Poisson3D_OMP_V0.2.0,True
463,Poisson3D_OMP_V0.2.0/gaussseidel_8threads_N24_full_iteration_unoptimized.dat,gaussseidel,0.70209838,10000,0.0,24,8,True,Poisson3D_OMP_V0.2.0,False
464,Poisson3D_OMP_V0.2.0/gaussseidel_24threads_N24.dat,gaussseidel,0.46747241,577,9.97e-06,24,24,False,Poisson3D_OMP_V0.2.0,True
465,Poisson3D_OMP_V0.2.0/gaussseidel_8threads_N64_full_iteration.dat,gaussseidel,2.4272966,10000,0.0,64,8,True,Poisson3D_OMP_V0.2.0,True
466,Poisson3D_OMP_V0.2.0/jacobi_2threads_N64_full_iteration_unoptimized.dat,jacobi,39.73903249,10000,5e-08,64,2,True,Poisson3D_OMP_V0.2.0,False
467,Poisson3D_OMP_V0.2.0/gaussseidel_16threads_N64.dat,gaussseidel,7.22078446,3054,1e-05,64,16,False,Poisson3D_OMP_V0.2.0,True
468,Poisson3D_OMP_V0.2.0/jacobi_12threads_N100.dat,jacobi,2.61131903,10000,2.003e-05,100,12,False,Poisson3D_OMP_V0.2.0,True
469,Poisson3D_OMP_V0.2.0/jacobi_24threads_N164_unoptimized.dat,jacobi,58.43252025,10000,0.00015515,164,24,False,Poisson3D_OMP_V0.2.0,False
470,Poisson3D_OMP_V0.2.0/gaussseidel_2threads_N164_full_iteration.dat,gaussseidel,132.69016281,10000,5.045e-05,164,2,True,Poisson3D_OMP_V0.2.0,True
471,Poisson3D_OMP_V0.2.0/gaussseidel_1threads_N64_full_iteration.dat,gaussseidel,17.00251487,10000,0.0,64,1,True,Poisson3D_OMP_V0.2.0,True
472,Poisson3D_OMP_V0.2.0/jacobi_8threads_N164.dat,jacobi,42.48375644,10000,0.00015515,164,8,False,Poisson3D_OMP_V0.2.0,True
473,Poisson3D_OMP_V0.2.0/gaussseidel_4threads_N48.dat,gaussseidel,2.77739716,1877,9.97e-06,48,4,False,Poisson3D_OMP_V0.2.0,True
474,Poisson3D_OMP_V0.2.0/jacobi_8threads_N164_full_iteration_unoptimized.dat,jacobi,172.20199357,10000,0.00015515,164,8,True,Poisson3D_OMP_V0.2.0,False
475,Poisson3D_OMP_V0.2.0/jacobi_16threads_N64_full_iteration_unoptimized.dat,jacobi,5.06271401,10000,5e-08,64,16,True,Poisson3D_OMP_V0.2.0,False
476,Poisson3D_OMP_V0.2.0/gaussseidel_4threads_N164.dat,gaussseidel,253.5256792,10000,5.045e-05,164,4,False,Poisson3D_OMP_V0.2.0,True
477,Poisson3D_OMP_V0.2.0/gaussseidel_2threads_N64_full_iteration_unoptimized.dat,gaussseidel,33.27781086,10000,0.0,64,2,True,Poisson3D_OMP_V0.2.0,False
478,Poisson3D_OMP_V0.2.0/jacobi_2threads_N24.dat,jacobi,0.04895039,1059,9.96e-06,24,2,False,Poisson3D_OMP_V0.2.0,True
479,Poisson3D_OMP_V0.2.0/gaussseidel_16threads_N100_full_iteration.dat,gaussseidel,7.62480661,10000,3.2e-07,100,16,True,Poisson3D_OMP_V0.2.0,True
480,Poisson3D_OMP_V0.2.0/gaussseidel_1threads_N100_full_iteration.dat,gaussseidel,60.12034716,10000,3.2e-07,100,1,True,Poisson3D_OMP_V0.2.0,True
481,Poisson3D_OMP_V0.2.0/jacobi_24threads_N100_full_iteration.dat,jacobi,1.53324206,10000,2.003e-05,100,24,True,Poisson3D_OMP_V0.2.0,True
482,Poisson3D_OMP_V0.2.0/jacobi_2threads_N24_full_iteration_unoptimized.dat,jacobi,2.23327341,10000,0.0,24,2,True,Poisson3D_OMP_V0.2.0,False
483,Poisson3D_OMP_V0.2.0/jacobi_1threads_N24_unoptimized.dat,jacobi,0.8874353,1059,9.96e-06,24,1,False,Poisson3D_OMP_V0.2.0,False
484,Poisson3D_OMP_V0.2.0/jacobi_24threads_N24.dat,jacobi,0.11187296,1059,9.96e-06,24,24,False,Poisson3D_OMP_V0.2.0,True
485,Poisson3D_OMP_V0.2.0/gaussseidel_8threads_N48.dat,gaussseidel,2.77694408,1877,9.97e-06,48,8,False,Poisson3D_OMP_V0.2.0,True
486,Poisson3D_OMP_V0.2.0/gaussseidel_8threads_N64.dat,gaussseidel,7.21866305,3054,1e-05,64,8,False,Poisson3D_OMP_V0.2.0,True
487,Poisson3D_OMP_V0.2.0/gaussseidel_1threads_N24_full_iteration.dat,gaussseidel,1.178665,10000,0.0,24,1,True,Poisson3D_OMP_V0.2.0,True
488,Poisson3D_OMP_V0.2.0/gaussseidel_16threads_N48_full_iteration_unoptimized.dat,gaussseidel,3.02922601,10000,0.0,48,16,True,Poisson3D_OMP_V0.2.0,False
489,Poisson3D_OMP_V0.2.0/jacobi_12threads_N164_full_iteration_unoptimized.dat,jacobi,115.99145035,10000,0.00015515,164,12,True,Poisson3D_OMP_V0.2.0,False
490,Poisson3D_OMP_V0.2.0/jacobi_12threads_N64.dat,jacobi,0.4280613,5500,9.99e-06,64,12,False,Poisson3D_OMP_V0.2.0,True
491,Poisson3D_OMP_V0.2.0/jacobi_12threads_N64_full_iteration_unoptimized.dat,jacobi,7.5088868,10000,5e-08,64,12,True,Poisson3D_OMP_V0.2.0,False
492,Poisson3D_OMP_V0.2.0/jacobi_1threads_N64_full_iteration_unoptimized.dat,jacobi,79.47655299,10000,5e-08,64,1,True,Poisson3D_OMP_V0.2.0,False
493,Poisson3D_OMP_V0.2.0/gaussseidel_8threads_N164_full_iteration.dat,gaussseidel,34.28899179,10000,5.045e-05,164,8,True,Poisson3D_OMP_V0.2.0,True
494,Poisson3D_OMP_V0.2.0/gaussseidel_4threads_N48_full_iteration_unoptimized.dat,gaussseidel,7.56593462,10000,0.0,48,4,True,Poisson3D_OMP_V0.2.0,False
495,Poisson3D_OMP_V0.2.0/jacobi_12threads_N164_full_iteration.dat,jacobi,41.83876092,10000,0.00015515,164,12,True,Poisson3D_OMP_V0.2.0,True
496,Poisson3D_OMP_V0.2.0/gaussseidel_1threads_N100.dat,gaussseidel,41.37810904,6446,1e-05,100,1,False,Poisson3D_OMP_V0.2.0,True
497,Poisson3D_OMP_V0.2.0/jacobi_8threads_N48_full_iteration_unoptimized.dat,jacobi,4.23955578,10000,0.0,48,8,True,Poisson3D_OMP_V0.2.0,False
498,Poisson3D_OMP_V0.2.0/jacobi_24threads_N64_full_iteration_unoptimized.dat,jacobi,3.89389479,10000,5e-08,64,24,True,Poisson3D_OMP_V0.2.0,False
499,Poisson3D_OMP_V0.2.0/jacobi_1threads_N164_full_iteration.dat,jacobi,196.32570392,10000,0.00015515,164,1,True,Poisson3D_OMP_V0.2.0,True
500,Poisson3D_OMP_V0.2.0/gaussseidel_12threads_N64_full_iteration.dat,gaussseidel,1.82809037,10000,0.0,64,12,True,Poisson3D_OMP_V0.2.0,True
501,Poisson3D_OMP_V0.2.0/jacobi_12threads_N24.dat,jacobi,0.03535239,1059,9.96e-06,24,12,False,Poisson3D_OMP_V0.2.0,True
502,Poisson3D_OMP_V0.2.0/jacobi_2threads_N100_full_iteration_unoptimized.dat,jacobi,150.67392288,10000,2.003e-05,100,2,True,Poisson3D_OMP_V0.2.0,False
503,Poisson3D_OMP_V0.2.0/gaussseidel_16threads_N24.dat,gaussseidel,0.46727167,577,9.97e-06,24,16,False,Poisson3D_OMP_V0.2.0,True
504,Poisson3D_OMP_V0.2.0/gaussseidel_8threads_N64_full_iteration_unoptimized.dat,gaussseidel,8.92380193,10000,0.0,64,8,True,Poisson3D_OMP_V0.2.0,False
505,Poisson3D_OMP_V0.2.0/jacobi_4threads_N64.dat,jacobi,1.05819311,5500,9.99e-06,64,4,False,Poisson3D_OMP_V0.2.0,True
506,Poisson3D_OMP_V0.2.0/jacobi_16threads_N100_full_iteration.dat,jacobi,2.08397114,10000,2.003e-05,100,16,True,Poisson3D_OMP_V0.2.0,True
507,Poisson3D_OMP_V0.2.0/gaussseidel_2threads_N100.dat,gaussseidel,41.31649162,6446,1e-05,100,2,False,Poisson3D_OMP_V0.2.0,True
508,Poisson3D_OMP_V0.2.0/gaussseidel_8threads_N164.dat,gaussseidel,255.22837826,10000,5.045e-05,164,8,False,Poisson3D_OMP_V0.2.0,True
509,Poisson3D_OMP_V0.2.0/gaussseidel_16threads_N48.dat,gaussseidel,2.77736104,1877,9.97e-06,48,16,False,Poisson3D_OMP_V0.2.0,True
510,Poisson3D_OMP_V0.2.0/gaussseidel_4threads_N64.dat,gaussseidel,7.21884828,3054,1e-05,64,4,False,Poisson3D_OMP_V0.2.0,True
511,Poisson3D_OMP_V0.2.0/gaussseidel_2threads_N24.dat,gaussseidel,0.53729492,577,9.97e-06,24,2,False,Poisson3D_OMP_V0.2.0,True
512,Poisson3D_OMP_V0.2.0/gaussseidel_2threads_N24_full_iteration.dat,gaussseidel,0.73824905,10000,0.0,24,2,True,Poisson3D_OMP_V0.2.0,True
513,Poisson3D_OMP_V0.2.0/gaussseidel_4threads_N24_full_iteration.dat,gaussseidel,0.45310796,10000,0.0,24,4,True,Poisson3D_OMP_V0.2.0,True
514,Poisson3D_OMP_V0.2.0/gaussseidel_12threads_N100_full_iteration.dat,gaussseidel,6.0926449,10000,3.2e-07,100,12,True,Poisson3D_OMP_V0.2.0,True
515,Poisson3D_OMP_V0.2.0/gaussseidel_1threads_N48_full_iteration.dat,gaussseidel,7.58454926,10000,0.0,48,1,True,Poisson3D_OMP_V0.2.0,True
516,Poisson3D_OMP_V0.2.0/jacobi_8threads_N164_full_iteration.dat,jacobi,42.43630766,10000,0.00015515,164,8,True,Poisson3D_OMP_V0.2.0,True
517,Poisson3D_OMP_V0.2.0/gaussseidel_24threads_N64_full_iteration.dat,gaussseidel,2.24305592,10000,0.0,64,24,True,Poisson3D_OMP_V0.2.0,True
518,Poisson3D_OMP_V0.2.0/gaussseidel_4threads_N100_full_iteration_unoptimized.dat,gaussseidel,62.44967095,10000,3.2e-07,100,4,True,Poisson3D_OMP_V0.2.0,False
519,Poisson3D_OMP_V0.2.0/gaussseidel_12threads_N24.dat,gaussseidel,0.46753292,577,9.97e-06,24,12,False,Poisson3D_OMP_V0.2.0,True
520,Poisson3D_OMP_V0.2.0/gaussseidel_4threads_N100.dat,gaussseidel,41.3158496,6446,1e-05,100,4,False,Poisson3D_OMP_V0.2.0,True
521,Poisson3D_OMP_V0.2.0/jacobi_16threads_N24_full_iteration.dat,jacobi,0.11870887,10000,0.0,24,16,True,Poisson3D_OMP_V0.2.0,True
522,Poisson3D_OMP_V0.2.0/gaussseidel_24threads_N48.dat,gaussseidel,2.77736753,1877,9.97e-06,48,24,False,Poisson3D_OMP_V0.2.0,True
523,Poisson3D_OMP_V0.2.0/jacobi_24threads_N164_full_iteration.dat,jacobi,17.1796057,10000,0.00015515,164,24,True,Poisson3D_OMP_V0.2.0,True
524,Poisson3D_OMP_V0.2.0/gaussseidel_16threads_N64_full_iteration.dat,gaussseidel,2.53290743,10000,0.0,64,16,True,Poisson3D_OMP_V0.2.0,True
525,Poisson3D_OMP_V0.2.0/gaussseidel_16threads_N164_full_iteration_unoptimized.dat,gaussseidel,78.79120616,10000,5.045e-05,164,16,True,Poisson3D_OMP_V0.2.0,False
526,Poisson3D_OMP_V0.2.0/jacobi_4threads_N24.dat,jacobi,0.03698178,1059,9.96e-06,24,4,False,Poisson3D_OMP_V0.2.0,True
527,Poisson3D_OMP_V0.2.0/jacobi_2threads_N64.dat,jacobi,2.07344856,5500,9.99e-06,64,2,False,Poisson3D_OMP_V0.2.0,True
528,Poisson3D_OMP_V0.2.0/jacobi_24threads_N164.dat,jacobi,17.13783548,10000,0.00015515,164,24,False,Poisson3D_OMP_V0.2.0,True
529,Poisson3D_OMP_V0.2.0/gaussseidel_12threads_N24_full_iteration.dat,gaussseidel,0.24187449,10000,0.0,24,12,True,Poisson3D_OMP_V0.2.0,True
530,Poisson3D_OMP_V0.2.0/jacobi_1threads_N48_full_iteration.dat,jacobi,3.24495057,10000,0.0,48,1,True,Poisson3D_OMP_V0.2.0,True
531,Poisson3D_OMP_V0.2.0/jacobi_2threads_N24_full_iteration.dat,jacobi,0.27061984,10000,0.0,24,2,True,Poisson3D_OMP_V0.2.0,True
532,Poisson3D_OMP_V0.2.0/jacobi_2threads_N64_unoptimized.dat,jacobi,23.66101089,5500,9.99e-06,64,2,False,Poisson3D_OMP_V0.2.0,False
533,Poisson3D_OMP_V0.2.0/jacobi_2threads_N24_unoptimized.dat,jacobi,0.49232484,1059,9.96e-06,24,2,False,Poisson3D_OMP_V0.2.0,False
534,Poisson3D_OMP_V0.2.0/jacobi_1threads_N24_full_iteration_unoptimized.dat,jacobi,4.31192945,10000,0.0,24,1,True,Poisson3D_OMP_V0.2.0,False
535,Poisson3D_OMP_V0.2.0/jacobi_24threads_N64_unoptimized.dat,jacobi,2.33274266,5500,9.99e-06,64,24,False,Poisson3D_OMP_V0.2.0,False
536,Poisson3D_OMP_V0.2.0/jacobi_12threads_N164.dat,jacobi,41.37834443,10000,0.00015515,164,12,False,Poisson3D_OMP_V0.2.0,True
537,Poisson3D_OMP_V0.2.0/gaussseidel_2threads_N24_full_iteration_unoptimized.dat,gaussseidel,2.12272156,10000,0.0,24,2,True,Poisson3D_OMP_V0.2.0,False
538,Poisson3D_OMP_V0.2.0/gaussseidel_12threads_N48_full_iteration_unoptimized.dat,gaussseidel,2.80272083,10000,0.0,48,12,True,Poisson3D_OMP_V0.2.0,False
539,Poisson3D_OMP_V0.2.0/jacobi_24threads_N48_full_iteration.dat,jacobi,0.272068,10000,0.0,48,24,True,Poisson3D_OMP_V0.2.0,True
540,Poisson3D_OMP_V0.2.0/jacobi_2threads_N48.dat,jacobi,0.58492394,3404,9.98e-06,48,2,False,Poisson3D_OMP_V0.2.0,True
541,Poisson3D_OMP_V0.2.0/gaussseidel_8threads_N24.dat,gaussseidel,0.46755422,577,9.97e-06,24,8,False,Poisson3D_OMP_V0.2.0,True
542,Poisson3D_OMP_V0.2.0/gaussseidel_2threads_N64.dat,gaussseidel,7.21751078,3054,1e-05,64,2,False,Poisson3D_OMP_V0.2.0,True
543,Poisson3D_OMP_V0.2.0/gaussseidel_8threads_N100_full_iteration_unoptimized.dat,gaussseidel,32.6626172,10000,3.2e-07,100,8,True,Poisson3D_OMP_V0.2.0,False
544,Poisson3D_OMP_V0.2.0/jacobi_24threads_N64_full_iteration.dat,jacobi,0.48954077,10000,5e-08,64,24,True,Poisson3D_OMP_V0.2.0,True
545,Poisson3D_OMP_V0.2.0/gaussseidel_24threads_N100_full_iteration.dat,gaussseidel,5.8169345,10000,3.2e-07,100,24,True,Poisson3D_OMP_V0.2.0,True
546,Poisson3D_OMP_V0.2.0/jacobi_4threads_N100_unoptimized.dat,jacobi,75.39963673,10000,2.003e-05,100,4,False,Poisson3D_OMP_V0.2.0,False
547,Poisson3D_OMP_V0.2.0/jacobi_4threads_N164_full_iteration.dat,jacobi,56.78998174,10000,0.00015515,164,4,True,Poisson3D_OMP_V0.2.0,True
548,Poisson3D_OMP_V0.2.0/jacobi_2threads_N48_unoptimized.dat,jacobi,6.88253314,3404,9.98e-06,48,2,False,Poisson3D_OMP_V0.2.0,False
549,Poisson3D_OMP_V0.2.0/gaussseidel_12threads_N64.dat,gaussseidel,7.47367162,3054,1e-05,64,12,False,Poisson3D_OMP_V0.2.0,True
550,Poisson3D_OMP_V0.2.0/jacobi_8threads_N100_unoptimized.dat,jacobi,39.232958,10000,2.003e-05,100,8,False,Poisson3D_OMP_V0.2.0,False
551,Poisson3D_OMP_V0.2.0/jacobi_1threads_N64_full_iteration.dat,jacobi,7.42423358,10000,5e-08,64,1,True,Poisson3D_OMP_V0.2.0,True
552,Poisson3D_OMP_V0.2.0/jacobi_2threads_N100_unoptimized.dat,jacobi,150.69908741,10000,2.003e-05,100,2,False,Poisson3D_OMP_V0.2.0,False
553,Poisson3D_OMP_V0.2.0/jacobi_8threads_N100.dat,jacobi,3.70863617,10000,2.003e-05,100,8,False,Poisson3D_OMP_V0.2.0,True
554,Poisson3D_OMP_V0.2.0/gaussseidel_12threads_N48.dat,gaussseidel,2.77720372,1877,9.97e-06,48,12,False,Poisson3D_OMP_V0.2.0,True
555,Poisson3D_OMP_V0.2.0/jacobi_12threads_N48_unoptimized.dat,jacobi,1.18938533,3404,9.98e-06,48,12,False,Poisson3D_OMP_V0.2.0,False
556,Poisson3D_OMP_V0.2.0/gaussseidel_12threads_N100.dat,gaussseidel,41.31425054,6446,1e-05,100,12,False,Poisson3D_OMP_V0.2.0,True
557,Poisson3D_OMP_V0.2.0/jacobi_24threads_N24_full_iteration.dat,jacobi,0.14404337,10000,0.0,24,24,True,Poisson3D_OMP_V0.2.0,True
558,Poisson3D_OMP_V0.2.0/gaussseidel_12threads_N164.dat,gaussseidel,253.25374582,10000,5.045e-05,164,12,False,Poisson3D_OMP_V0.2.0,True
559,Poisson3D_OMP_V0.2.0/gaussseidel_8threads_N48_full_iteration.dat,gaussseidel,1.18053543,10000,0.0,48,8,True,Poisson3D_OMP_V0.2.0,True
560,Poisson3D_OMP_V0.2.0/gaussseidel_2threads_N100_full_iteration_unoptimized.dat,gaussseidel,122.2605709,10000,3.2e-07,100,2,True,Poisson3D_OMP_V0.2.0,False
561,Poisson3D_OMP_V0.2.0/jacobi_16threads_N24.dat,jacobi,0.08186787,1059,9.96e-06,24,16,False,Poisson3D_OMP_V0.2.0,True
562,Poisson3D_OMP_V0.2.0/jacobi_16threads_N100_unoptimized.dat,jacobi,21.20432832,10000,2.003e-05,100,16,False,Poisson3D_OMP_V0.2.0,False
563,Poisson3D_OMP_V0.2.0/gaussseidel_16threads_N64_full_iteration_unoptimized.dat,gaussseidel,6.47221587,10000,0.0,64,16,True,Poisson3D_OMP_V0.2.0,False
564,Poisson3D_OMP_V0.2.0/jacobi_16threads_N64_unoptimized.dat,jacobi,3.04202098,5500,9.99e-06,64,16,False,Poisson3D_OMP_V0.2.0,False
565,Poisson3D_OMP_V0.2.0/jacobi_1threads_N100_full_iteration_unoptimized.dat,jacobi,301.35927022,10000,2.003e-05,100,1,True,Poisson3D_OMP_V0.2.0,False
566,Poisson3D_OMP_V0.2.0/gaussseidel_1threads_N48.dat,gaussseidel,2.79626311,1877,9.97e-06,48,1,False,Poisson3D_OMP_V0.2.0,True
567,Poisson3D_OMP_V0.2.0/gaussseidel_16threads_N164.dat,gaussseidel,253.58063626,10000,5.045e-05,164,16,False,Poisson3D_OMP_V0.2.0,True
568,Poisson3D_OMP_V0.2.0/jacobi_24threads_N48.dat,jacobi,0.19204406,3404,9.98e-06,48,24,False,Poisson3D_OMP_V0.2.0,True
569,Poisson3D_OMP_V0.2.0/gaussseidel_2threads_N64_full_iteration.dat,gaussseidel,8.8007316,10000,0.0,64,2,True,Poisson3D_OMP_V0.2.0,True
570,Poisson3D_OMP_V0.2.0/jacobi_1threads_N48.dat,jacobi,1.13737286,3404,9.98e-06,48,1,False,Poisson3D_OMP_V0.2.0,True
571,Poisson3D_OMP_V0.2.0/jacobi_24threads_N48_full_iteration_unoptimized.dat,jacobi,2.65384951,10000,0.0,48,24,True,Poisson3D_OMP_V0.2.0,False
572,Poisson3D_OMP_V0.2.0/gaussseidel_8threads_N164_full_iteration_unoptimized.dat,gaussseidel,136.47239673,10000,5.045e-05,164,8,True,Poisson3D_OMP_V0.2.0,False
573,Poisson3D_OMP_V0.2.0/jacobi_12threads_N24_unoptimized.dat,jacobi,0.10361673,1059,9.96e-06,24,12,False,Poisson3D_OMP_V0.2.0,False
574,Poisson3D_OMP_V0.2.0/gaussseidel_24threads_N48_full_iteration_unoptimized.dat,gaussseidel,2.25729693,10000,0.0,48,24,True,Poisson3D_OMP_V0.2.0,False
575,Poisson3D_OMP_V0.2.0/jacobi_16threads_N48_full_iteration.dat,jacobi,0.28912295,10000,0.0,48,16,True,Poisson3D_OMP_V0.2.0,True
576,Poisson3D_OMP_V0.2.0/jacobi_16threads_N48.dat,jacobi,0.13315829,3404,9.98e-06,48,16,False,Poisson3D_OMP_V0.2.0,True
577,Poisson3D_OMP_V0.2.0/jacobi_16threads_N100_full_iteration_unoptimized.dat,jacobi,21.23266481,10000,2.003e-05,100,16,True,Poisson3D_OMP_V0.2.0,False
578,Poisson3D_OMP_V0.2.0/gaussseidel_24threads_N164.dat,gaussseidel,253.36862027,10000,5.045e-05,164,24,False,Poisson3D_OMP_V0.2.0,True
579,Poisson3D_OMP_V0.2.0/jacobi_8threads_N64_unoptimized.dat,jacobi,5.94434083,5500,9.99e-06,64,8,False,Poisson3D_OMP_V0.2.0,False
580,Poisson3D_OMP_V0.2.0/jacobi_1threads_N164.dat,jacobi,195.43872804,10000,0.00015515,164,1,False,Poisson3D_OMP_V0.2.0,True
581,Poisson3D_OMP_V0.2.0/jacobi_4threads_N48.dat,jacobi,0.31221586,3404,9.98e-06,48,4,False,Poisson3D_OMP_V0.2.0,True
582,Poisson3D_OMP_V0.2.0/jacobi_2threads_N164.dat,jacobi,103.07125934,10000,0.00015515,164,2,False,Poisson3D_OMP_V0.2.0,True
583,Poisson3D_OMP_V0.2.0/gaussseidel_4threads_N164_full_iteration_unoptimized.dat,gaussseidel,264.78413386,10000,5.045e-05,164,4,True,Poisson3D_OMP_V0.2.0,False
584,Poisson3D_OMP_V0.2.0/gaussseidel_4threads_N164_full_iteration.dat,gaussseidel,66.18284726,10000,5.045e-05,164,4,True,Poisson3D_OMP_V0.2.0,True
585,Poisson3D_OMP_V0.2.0/gaussseidel_12threads_N24_full_iteration_unoptimized.dat,gaussseidel,0.56383629,10000,0.0,24,12,True,Poisson3D_OMP_V0.2.0,False
586,Poisson3D_OMP_V0.2.0/jacobi_4threads_N24_full_iteration.dat,jacobi,0.18633753,10000,0.0,24,4,True,Poisson3D_OMP_V0.2.0,True
587,Poisson3D_OMP_V0.2.0/gaussseidel_8threads_N48_full_iteration_unoptimized.dat,gaussseidel,3.95814754,10000,0.0,48,8,True,Poisson3D_OMP_V0.2.0,False
588,Poisson3D_OMP_V0.2.0/gaussseidel_2threads_N48_full_iteration_unoptimized.dat,gaussseidel,14.52203102,10000,0.0,48,2,True,Poisson3D_OMP_V0.2.0,False
589,Poisson3D_OMP_V0.2.0/gaussseidel_16threads_N164_full_iteration.dat,gaussseidel,33.70262592,10000,5.045e-05,164,16,True,Poisson3D_OMP_V0.2.0,True
590,Poisson3D_OMP_V0.2.0/jacobi_8threads_N64_full_iteration.dat,jacobi,0.99901992,10000,5e-08,64,8,True,Poisson3D_OMP_V0.2.0,True
591,Poisson3D_OMP_V0.2.0/jacobi_2threads_N100_full_iteration.dat,jacobi,13.83078722,10000,2.003e-05,100,2,True,Poisson3D_OMP_V0.2.0,True
592,Poisson3D_OMP_V0.2.0/gaussseidel_8threads_N24_full_iteration.dat,gaussseidel,0.27826953,10000,0.0,24,8,True,Poisson3D_OMP_V0.2.0,True
593,Poisson3D_OMP_V0.2.0/gaussseidel_2threads_N164_full_iteration_unoptimized.dat,gaussseidel,531.64682696,10000,5.045e-05,164,2,True,Poisson3D_OMP_V0.2.0,False
594,Poisson3D_OMP_V0.2.0/jacobi_16threads_N164_unoptimized.dat,jacobi,92.0909745,10000,0.00015515,164,16,False,Poisson3D_OMP_V0.2.0,False
595,Poisson3D_OMP_V0.2.0/jacobi_2threads_N64_full_iteration.dat,jacobi,3.74320318,10000,5e-08,64,2,True,Poisson3D_OMP_V0.2.0,True
596,Poisson3D_OMP_V0.2.0/jacobi_12threads_N100_full_iteration.dat,jacobi,2.59822715,10000,2.003e-05,100,12,True,Poisson3D_OMP_V0.2.0,True
597,Poisson3D_OMP_V0.2.0/jacobi_16threads_N24_unoptimized.dat,jacobi,0.14214827,1059,9.96e-06,24,16,False,Poisson3D_OMP_V0.2.0,False
598,Poisson3D_OMP_V0.2.0/jacobi_1threads_N100.dat,jacobi,27.47068306,10000,2.003e-05,100,1,False,Poisson3D_OMP_V0.2.0,True
599,Poisson3D_OMP_V0.2.0/jacobi_8threads_N48_unoptimized.dat,jacobi,1.74656133,3404,9.98e-06,48,8,False,Poisson3D_OMP_V0.2.0,False
600,Poisson3D_OMP_V0.2.0/jacobi_4threads_N100_full_iteration_unoptimized.dat,jacobi,75.51121216,10000,2.003e-05,100,4,True,Poisson3D_OMP_V0.2.0,False
601,Poisson3D_OMP_V0.2.0/jacobi_1threads_N100_full_iteration.dat,jacobi,27.57318762,10000,2.003e-05,100,1,True,Poisson3D_OMP_V0.2.0,True
